model,model_index,team,opponent,season,match_date,team_win,team_goals,opponent_goals,team_goal_diff,.pred_class,.pred_loss,.pred_win
rand_forest,3,"Korea, South",Paraguay,2122,2022-06-10,loss,2,2,0,win,0.22310168997669,0.77689831002331
rand_forest,3,Ecuador,Cape Verde,2122,2022-06-11,win,1,0,1,win,0.26900104617604614,0.7309989538239537
rand_forest,3,"Korea, South",Egypt,2122,2022-06-14,win,4,1,3,loss,0.531463023088023,0.4685369769119771
rand_forest,3,Mexico,Paraguay,2223,2022-08-31,loss,0,1,-1,win,0.2104631007881006,0.789536899211899
rand_forest,3,Australia,New Zealand,2223,2022-09-22,win,1,0,1,win,0.3713267482517484,0.6286732517482516
rand_forest,3,Brazil,Ghana,2223,2022-09-23,win,3,0,3,win,0.08274639388389392,0.917253606116106
rand_forest,3,Japan,United States,2223,2022-09-23,win,2,0,2,loss,0.7082934232434229,0.2917065767565768
rand_forest,3,Qatar,Canada,2223,2022-09-23,loss,0,2,-2,loss,0.6336472222222225,0.3663527777777778
rand_forest,3,Saudi Arabia,Ecuador,2223,2022-09-23,loss,0,0,0,loss,0.7216704545454541,0.27832954545454536
rand_forest,3,New Zealand,Australia,2223,2022-09-25,loss,0,2,-2,loss,0.549419764712412,0.45058023528758806
rand_forest,3,Brazil,Tunisia,2223,2022-09-27,win,5,1,4,win,0.28928343086651903,0.7107165691334808
rand_forest,3,Canada,Uruguay,2223,2022-09-27,loss,0,2,-2,loss,0.520224386724387,0.47977561327561313
rand_forest,3,Japan,Ecuador,2223,2022-09-27,loss,0,0,0,win,0.3676533272283269,0.6323466727716723
rand_forest,3,Mexico,Colombia,2223,2022-09-27,loss,2,3,-1,loss,0.7059431663108134,0.29405683368918667
rand_forest,3,Morocco,Paraguay,2223,2022-09-27,loss,0,0,0,win,0.42139589993340004,0.5786041000666001
rand_forest,3,Saudi Arabia,United States,2223,2022-09-27,loss,0,0,0,loss,0.7984760767010767,0.20152392329892335
rand_forest,3,Mexico,Iraq,2223,2022-11-09,win,4,0,4,win,0.18218762626262633,0.8178123737373737
rand_forest,3,Saudi Arabia,Panama,2223,2022-11-10,loss,1,1,0,win,0.4932321983571984,0.5067678016428016
rand_forest,3,Ecuador,Iraq,2223,2022-11-12,loss,0,0,0,win,0.26821944444444445,0.7317805555555551
rand_forest,3,Mexico,Sweden,2223,2022-11-16,loss,1,2,-1,loss,0.9121426601176601,0.08785733988233987
rand_forest,3,Saudi Arabia,Croatia,2223,2022-11-16,loss,0,1,-1,loss,0.7620849567099569,0.23791504329004345
rand_forest,3,Ghana,Switzerland,2223,2022-11-17,win,2,0,2,loss,0.6294804112554115,0.3705195887445888
rand_forest,3,Japan,Canada,2223,2022-11-17,loss,1,2,-1,win,0.37520726218226225,0.6247927378177378
rand_forest,3,Egypt,Belgium,2223,2022-11-18,win,2,1,1,win,0.4369227633477633,0.5630772366522367
rand_forest,3,Colombia,Paraguay,2223,2022-11-19,win,2,0,2,loss,0.6232455523535624,0.3767544476464366
rand_forest,3,Sweden,Algeria,2223,2022-11-19,win,2,0,2,win,0.4217059523809524,0.5782940476190479
rand_forest,3,Qatar,Ecuador,2223,2022-11-20,loss,0,2,-2,win,0.2544899045399045,0.7455100954600955
rand_forest,3,Qatar,Ecuador,2223,2022-11-20,loss,0,2,-2,win,0.2544899045399045,0.7455100954600955
rand_forest,3,Senegal,Netherlands,2223,2022-11-21,loss,0,2,-2,loss,0.7859391053391048,0.2140608946608947
rand_forest,3,England,Iran,2223,2022-11-21,win,6,2,4,win,0.44016600760350777,0.559833992396492
rand_forest,3,Senegal,Netherlands,2223,2022-11-21,loss,0,2,-2,loss,0.7859391053391048,0.2140608946608947
rand_forest,3,Argentina,Saudi Arabia,2223,2022-11-22,loss,1,2,-1,win,0.18178311410811418,0.8182168858918857
rand_forest,3,France,Australia,2223,2022-11-22,win,4,1,3,win,0.06880119047619047,0.9311988095238096
rand_forest,3,Argentina,Saudi Arabia,2223,2022-11-22,loss,1,2,-1,win,0.18178311410811418,0.8182168858918857
rand_forest,3,France,Australia,2223,2022-11-22,win,4,1,3,win,0.06880119047619047,0.9311988095238096
rand_forest,3,Belgium,Canada,2223,2022-11-23,win,1,0,1,win,0.2383361985236985,0.7616638014763016
rand_forest,3,Germany,Japan,2223,2022-11-23,loss,1,2,-1,win,0.2391090576090576,0.7608909423909423
rand_forest,3,Morocco,Croatia,2223,2022-11-23,loss,0,0,0,loss,0.6893549062049064,0.3106450937950939
rand_forest,3,Germany,Japan,2223,2022-11-23,loss,1,2,-1,win,0.2391090576090576,0.7608909423909423
rand_forest,3,Morocco,Croatia,2223,2022-11-23,loss,0,0,0,loss,0.6893549062049064,0.3106450937950939
rand_forest,3,Portugal,Ghana,2223,2022-11-24,win,3,2,1,win,0.15310873015873017,0.8468912698412697
rand_forest,3,Uruguay,"Korea, South",2223,2022-11-24,loss,0,0,0,win,0.18128950216450207,0.8187104978354978
rand_forest,3,Uruguay,"Korea, South",2223,2022-11-24,loss,0,0,0,win,0.18128950216450207,0.8187104978354978
rand_forest,3,Switzerland,Cameroon,2223,2022-11-24,win,1,0,1,win,0.3442671411921412,0.6557328588078587
rand_forest,3,Netherlands,Ecuador,2223,2022-11-25,loss,1,1,0,loss,0.7246219295410472,0.27537807045895285
rand_forest,3,Qatar,Senegal,2223,2022-11-25,loss,1,3,-2,loss,0.8642284659784655,0.13577153402153397
rand_forest,3,England,United States,2223,2022-11-25,loss,0,0,0,win,0.49949074259074255,0.5005092574092574
rand_forest,3,Netherlands,Ecuador,2223,2022-11-25,loss,1,1,0,loss,0.7246219295410472,0.27537807045895285
rand_forest,3,Qatar,Senegal,2223,2022-11-25,loss,1,3,-2,loss,0.8642284659784655,0.13577153402153397
rand_forest,3,Argentina,Mexico,2223,2022-11-26,win,2,0,2,win,0.13878465494773568,0.8612153450522654
rand_forest,3,Tunisia,Australia,2223,2022-11-26,loss,0,1,-1,loss,0.5178121212121216,0.48218787878787844
rand_forest,3,Argentina,Mexico,2223,2022-11-26,win,2,0,2,win,0.13878465494773568,0.8612153450522654
rand_forest,3,Tunisia,Australia,2223,2022-11-26,loss,0,1,-1,loss,0.5178121212121216,0.48218787878787844
rand_forest,3,Belgium,Morocco,2223,2022-11-27,loss,0,2,-2,win,0.10870317460317462,0.8912968253968254
rand_forest,3,Croatia,Canada,2223,2022-11-27,win,4,1,3,win,0.3173115190365193,0.682688480963481
rand_forest,3,Spain,Germany,2223,2022-11-27,loss,1,1,0,loss,0.8018189227439226,0.1981810772560772
rand_forest,3,Croatia,Canada,2223,2022-11-27,win,4,1,3,win,0.3173115190365193,0.682688480963481
rand_forest,3,Spain,Germany,2223,2022-11-27,loss,1,1,0,loss,0.8018189227439226,0.1981810772560772
rand_forest,3,Brazil,Switzerland,2223,2022-11-28,win,1,0,1,loss,0.9625761904761904,0.03742380952380952
rand_forest,3,"Korea, South",Ghana,2223,2022-11-28,loss,2,3,-1,loss,0.6802049422799423,0.31979505772005773
rand_forest,3,Portugal,Uruguay,2223,2022-11-28,win,2,0,2,win,0.4210836278487594,0.5789163721512405
rand_forest,3,Brazil,Switzerland,2223,2022-11-28,win,1,0,1,loss,0.9625761904761904,0.03742380952380952
rand_forest,3,Portugal,Uruguay,2223,2022-11-28,win,2,0,2,win,0.4210836278487594,0.5789163721512405
rand_forest,3,Ecuador,Senegal,2223,2022-11-29,loss,1,2,-1,loss,0.6777926517926518,0.32220734820734803
rand_forest,3,Netherlands,Qatar,2223,2022-11-29,win,2,0,2,win,0.40227070152070166,0.5977292984792983
rand_forest,3,Ecuador,Senegal,2223,2022-11-29,loss,1,2,-1,loss,0.6777926517926518,0.32220734820734803
rand_forest,3,Iran,United States,2223,2022-11-29,loss,0,1,-1,loss,0.7848135725385725,0.2151864274614275
rand_forest,3,Netherlands,Qatar,2223,2022-11-29,win,2,0,2,win,0.40227070152070166,0.5977292984792983
rand_forest,3,Saudi Arabia,Mexico,2223,2022-11-30,loss,1,2,-1,loss,0.7951158008658006,0.20488419913419909
rand_forest,3,Tunisia,France,2223,2022-11-30,win,1,0,1,loss,0.8993765873015874,0.1006234126984127
rand_forest,3,Saudi Arabia,Mexico,2223,2022-11-30,loss,1,2,-1,loss,0.7951158008658006,0.20488419913419909
rand_forest,3,Tunisia,France,2223,2022-11-30,win,1,0,1,loss,0.8993765873015874,0.1006234126984127
rand_forest,3,Canada,Morocco,2223,2022-12-01,loss,1,2,-1,loss,0.727096314796315,0.27290368520368524
rand_forest,3,Croatia,Belgium,2223,2022-12-01,loss,0,0,0,loss,0.5037844155844157,0.49621558441558444
rand_forest,3,Japan,Spain,2223,2022-12-01,win,2,1,1,loss,0.8296039682539681,0.1703960317460319
rand_forest,3,Canada,Morocco,2223,2022-12-01,loss,1,2,-1,loss,0.727096314796315,0.27290368520368524
rand_forest,3,Japan,Spain,2223,2022-12-01,win,2,1,1,loss,0.8296039682539681,0.1703960317460319
rand_forest,3,Ghana,Uruguay,2223,2022-12-02,loss,0,2,-2,loss,0.5039189227439228,0.49608107725607725
rand_forest,3,"Korea, South",Portugal,2223,2022-12-02,win,2,1,1,loss,0.8242689754689757,0.17573102453102446
rand_forest,3,"Korea, South",Portugal,2223,2022-12-02,win,2,1,1,loss,0.8242689754689757,0.17573102453102446
rand_forest,3,Cameroon,Brazil,2223,2022-12-02,win,1,0,1,loss,0.673112950937951,0.32688704906204896
rand_forest,3,Argentina,Australia,2223,2022-12-03,win,2,1,1,win,0.24434300585035862,0.7556569941496409
rand_forest,3,Netherlands,United States,2223,2022-12-03,win,3,1,2,loss,0.7307938450438449,0.26920615495615485
rand_forest,3,Argentina,Australia,2223,2022-12-03,win,2,1,1,win,0.24434300585035862,0.7556569941496409
rand_forest,3,Netherlands,United States,2223,2022-12-03,win,3,1,2,loss,0.7307938450438449,0.26920615495615485
rand_forest,3,England,Senegal,2223,2022-12-04,win,3,0,3,loss,0.5348953074703077,0.46510469252969244
rand_forest,3,Brazil,"Korea, South",2223,2022-12-05,win,4,1,3,win,0.09065834443334449,0.9093416555666556
rand_forest,3,Japan,Croatia,2223,2022-12-05,loss,1,1,0,loss,0.9671051587301588,0.032894841269841275
rand_forest,3,Brazil,"Korea, South",2223,2022-12-05,win,4,1,3,win,0.09065834443334449,0.9093416555666556
rand_forest,3,Japan,Croatia,2223,2022-12-05,loss,2,4,-2,loss,0.9671051587301588,0.032894841269841275
rand_forest,3,Morocco,Spain,2223,2022-12-06,loss,0,0,0,loss,0.7781917887667886,0.22180821123321132
rand_forest,3,Portugal,Switzerland,2223,2022-12-06,win,6,1,5,win,0.23838808194729252,0.7616119180527076
rand_forest,3,Morocco,Spain,2223,2022-12-06,win,3,0,3,loss,0.7781917887667886,0.22180821123321132
rand_forest,3,Portugal,Switzerland,2223,2022-12-06,win,6,1,5,win,0.23838808194729252,0.7616119180527076
rand_forest,3,Croatia,Brazil,2223,2022-12-09,loss,1,1,0,loss,0.7149414162634751,0.28505858373652493
rand_forest,3,Netherlands,Argentina,2223,2022-12-09,loss,2,2,0,win,0.4967226967476966,0.5032773032523035
rand_forest,3,Croatia,Brazil,2223,2022-12-09,win,5,3,2,loss,0.7149414162634751,0.28505858373652493
rand_forest,3,Netherlands,Argentina,2223,2022-12-09,loss,5,6,-1,win,0.4967226967476966,0.5032773032523035
rand_forest,3,Morocco,Portugal,2223,2022-12-10,win,1,0,1,loss,0.8055699494949495,0.19443005050505055
rand_forest,3,England,France,2223,2022-12-10,loss,1,2,-1,loss,0.6089366883116886,0.39106331168831154
rand_forest,3,Morocco,Portugal,2223,2022-12-10,win,1,0,1,loss,0.8055699494949495,0.19443005050505055
rand_forest,3,Argentina,Croatia,2223,2022-12-13,win,3,0,3,win,0.47749978354978345,0.5225002164502168
rand_forest,3,Argentina,Croatia,2223,2022-12-13,win,3,0,3,win,0.47749978354978345,0.5225002164502168
rand_forest,3,France,Morocco,2223,2022-12-14,win,2,0,2,loss,0.6207126345876348,0.37928736541236535
rand_forest,3,France,Morocco,2223,2022-12-14,win,2,0,2,loss,0.6207126345876348,0.37928736541236535
rand_forest,3,Croatia,Morocco,2223,2022-12-17,win,2,1,1,win,0.3088440836940835,0.6911559163059161
rand_forest,3,Croatia,Morocco,2223,2022-12-17,win,2,1,1,win,0.3088440836940835,0.6911559163059161
rand_forest,3,Argentina,France,2223,2022-12-18,loss,3,3,0,win,0.08460634920634923,0.9153936507936506
rand_forest,3,Argentina,France,2223,2022-12-18,win,7,5,2,win,0.08460634920634923,0.9153936507936506
rand_forest,3,United States,Colombia,2223,2023-01-28,loss,0,0,0,loss,0.7916810966810969,0.2083189033189034
rand_forest,3,Argentina,Panama,2223,2023-03-23,win,2,0,2,win,0.07705558673352789,0.9229444132664721
rand_forest,3,Australia,Ecuador,2223,2023-03-24,win,3,1,2,loss,0.7788575036075038,0.22114249639249647
rand_forest,3,Japan,Uruguay,2223,2023-03-24,loss,1,1,0,loss,0.5060517649017647,0.49394823509823527
rand_forest,3,"Korea, South",Colombia,2223,2023-03-24,loss,2,2,0,win,0.14336031746031747,0.8566396825396824
rand_forest,3,France,Netherlands,2223,2023-03-24,win,4,0,4,win,0.3679468253968247,0.6320531746031741
rand_forest,3,Sweden,Belgium,2223,2023-03-24,loss,0,3,-3,loss,0.9649142857142858,0.03508571428571429
rand_forest,3,Morocco,Brazil,2223,2023-03-25,win,2,1,1,loss,0.864586260308319,0.1354137396916808
rand_forest,3,Spain,Norway,2223,2023-03-25,win,3,0,3,win,0.4767404761904762,0.5232595238095239
rand_forest,3,Argentina,Curacao,2223,2023-03-28,win,7,0,7,win,0.16352844343049452,0.8364715565695049
rand_forest,3,Australia,Ecuador,2223,2023-03-28,loss,1,2,-1,loss,0.7788575036075038,0.22114249639249647
rand_forest,3,Germany,Belgium,2223,2023-03-28,loss,2,3,-1,win,0.035302380952380946,0.9646976190476186
rand_forest,3,Japan,Colombia,2223,2023-03-28,loss,1,2,-1,loss,0.9469000000000002,0.05309999999999999
rand_forest,3,"Korea, South",Uruguay,2223,2023-03-28,loss,1,2,-1,loss,0.670458333333333,0.3295416666666662
rand_forest,3,United States,Mexico,2223,2023-04-19,loss,1,1,0,win,0.36550468811804,0.6344953118819611
rand_forest,3,Morocco,Cape Verde,2223,2023-06-12,loss,0,0,0,loss,0.7672230502727407,0.23277694972725935
rand_forest,3,Argentina,Australia,2223,2023-06-15,win,2,0,2,win,0.24434300585035862,0.7556569941496409
rand_forest,3,Colombia,Iraq,2223,2023-06-16,win,1,0,1,win,0.24386492951492952,0.75613507048507
rand_forest,3,Sweden,New Zealand,2223,2023-06-16,win,4,1,3,win,0.3242103174603174,0.6757896825396826
rand_forest,3,Belgium,Austria,2223,2023-06-17,loss,1,1,0,loss,0.724691883116883,0.27530811688311696
rand_forest,3,Qatar,New Zealand,2223,2023-06-19,loss,0,1,-1,win,0.36948103840603846,0.630518961593962
rand_forest,3,Algeria,Tunisia,2223,2023-06-20,loss,1,1,0,loss,0.5039999999999998,0.49600000000000016
rand_forest,3,Brazil,Senegal,2223,2023-06-20,loss,2,4,-2,loss,0.7742967837717832,0.2257032162282162
rand_forest,3,Germany,Colombia,2223,2023-06-20,loss,0,2,-2,loss,0.5702840354090354,0.42971596459096456
rand_forest,3,Austria,Sweden,2223,2023-06-20,win,2,0,2,win,0.20184903429903425,0.7981509657009643
rand_forest,3,Haiti,Qatar,2223,2023-06-25,win,2,1,1,win,0.40682742812742806,0.5931725718725716
rand_forest,3,Haiti,Mexico,2223,2023-06-29,loss,1,3,-2,loss,0.8513418831168829,0.14865811688311686
rand_forest,3,Mexico,Qatar,2223,2023-07-02,loss,0,1,-1,win,0.29062497779997776,0.7093750222000221
rand_forest,3,Panama,Qatar,2223,2023-07-08,win,4,0,4,loss,0.5313213924963928,0.4686786075036072
rand_forest,3,United States,Canada,2223,2023-07-09,loss,2,2,0,win,0.026499567099567092,0.9735004329004326
rand_forest,3,United States,Panama,2223,2023-07-12,loss,1,1,0,win,0.21857548562548568,0.7814245143745155
rand_forest,3,Mexico,Panama,2223,2023-07-16,win,1,0,1,win,9.333333333333333e-4,0.9990666666666668
rand_forest,3,Argentina,Ecuador,2324,2023-09-07,win,1,0,1,win,0.23675503556471073,0.7632449644352902
rand_forest,3,Norway,Jordan,2324,2023-09-07,win,6,0,6,win,0.2708533362062775,0.7291466637937228
rand_forest,3,Germany,Japan,2324,2023-09-09,loss,1,4,-3,win,0.2391090576090576,0.7608909423909423
rand_forest,3,Mexico,Australia,2324,2023-09-09,loss,2,2,0,win,0.49397666222666214,0.506023337773338
rand_forest,3,United States,Uzbekistan,2324,2023-09-09,win,3,0,3,win,0.3624662962037961,0.637533703796204
rand_forest,3,Ecuador,Uruguay,2324,2023-09-12,win,2,1,1,loss,0.5034502331002328,0.49654976689976715
rand_forest,3,Egypt,Tunisia,2324,2023-09-12,loss,1,3,-2,win,0.17907427849927854,0.82092572150072185
rand_forest,3,Germany,France,2324,2023-09-12,win,2,1,1,loss,0.9443110805860805,0.055688919413919416
rand_forest,3,Mexico,Uzbekistan,2324,2023-09-12,loss,3,3,0,win,0.3405937742812741,0.6594062257187253
rand_forest,3,Saudi Arabia,"Korea, South",2324,2023-09-12,loss,0,1,-1,loss,0.6599678571428573,0.34003214285714245
rand_forest,3,Senegal,Algeria,2324,2023-09-12,loss,0,1,-1,loss,0.6657108974358972,0.33428910256410216
rand_forest,3,South Africa,DR Congo,2324,2023-09-12,win,1,0,1,loss,0.897861111111111,0.10213888888888892
rand_forest,3,Sweden,Austria,2324,2023-09-12,loss,1,3,-2,loss,0.6736115079365076,0.3263884920634917
rand_forest,3,Argentina,Paraguay,2324,2023-10-12,win,1,0,1,loss,0.7021616573434576,0.2978383426565438
rand_forest,3,Colombia,Uruguay,2324,2023-10-12,loss,2,2,0,win,0.4331412259309319,0.5668587740690679
rand_forest,3,Algeria,Cape Verde,2324,2023-10-12,win,5,1,4,win,0.47744935064935057,0.5225506493506493
rand_forest,3,Japan,Canada,2324,2023-10-13,win,4,1,3,win,0.37520726218226225,0.6247927378177378
rand_forest,3,"Korea, South",Tunisia,2324,2023-10-13,win,4,0,4,loss,0.8603965645465648,0.13960343545343548
rand_forest,3,New Zealand,DR Congo,2324,2023-10-13,loss,1,1,0,win,0.43871922799422775,0.5612807720057721
rand_forest,3,Austria,Belgium,2324,2023-10-13,loss,2,3,-1,loss,0.8775069985569984,0.12249300144300143
rand_forest,3,Netherlands,France,2324,2023-10-13,loss,1,2,-1,loss,0.6824431457431455,0.3175568542568542
rand_forest,3,Mexico,Ghana,2324,2023-10-14,win,2,0,2,win,0.2797685672514621,0.7202314327485381
rand_forest,3,United States,Germany,2324,2023-10-14,loss,1,3,-2,loss,0.9101380952380951,0.08986190476190475
rand_forest,3,Norway,Spain,2324,2023-10-15,loss,0,1,-1,loss,0.8495230158730159,0.1504769841269841
rand_forest,3,Egypt,Algeria,2324,2023-10-16,loss,1,1,0,win,0.09420833333333337,0.9057916666666667
rand_forest,3,Belgium,Sweden,2324,2023-10-16,loss,1,1,0,win,0.08907201213818863,0.9109279878618114
rand_forest,3,Ecuador,Colombia,2324,2023-10-17,loss,0,0,0,loss,0.5647281801531814,0.43527181984681923
rand_forest,3,Uruguay,Brazil,2324,2023-10-17,win,2,0,2,loss,0.6702086163836176,0.3297913836163838
rand_forest,3,Australia,New Zealand,2324,2023-10-17,win,2,0,2,win,0.3713267482517484,0.6286732517482516
rand_forest,3,Japan,Tunisia,2324,2023-10-17,win,2,0,2,win,0.2300832611832612,0.7699167388167388
rand_forest,3,Mexico,Germany,2324,2023-10-17,loss,2,2,0,loss,0.6527308314234787,0.34726916857652174
rand_forest,3,United States,Ghana,2324,2023-10-17,win,4,0,4,win,0.4729063492063491,0.5270936507936509
rand_forest,3,Argentina,Uruguay,2324,2023-11-16,loss,0,2,-2,win,0.09416811365449182,0.9058318863455097
rand_forest,3,Colombia,Brazil,2324,2023-11-16,win,2,1,1,loss,0.9973656565656566,0.0026343434343434344
rand_forest,3,Jordan,Saudi Arabia,2324,2023-11-21,loss,0,2,-2,loss,0.52372886002886,0.47627113997114
rand_forest,3,Brazil,Argentina,2324,2023-11-21,loss,0,1,-1,loss,0.5043291300203063,0.49567086997969356
rand_forest,3,Paraguay,Colombia,2324,2023-11-21,loss,0,1,-1,loss,0.9975,0.0025
rand_forest,3,Austria,Germany,2324,2023-11-21,win,2,0,2,loss,0.7400091269841261,0.2599908730158731
rand_forest,3,Ghana,Cape Verde,2324,2024-01-14,loss,1,2,-1,win,0.05702976190476191,0.9429702380952381
rand_forest,3,Egypt,Ghana,2324,2024-01-18,loss,2,2,0,win,0.041605952380952375,0.9583940476190476
rand_forest,3,Iraq,Japan,2324,2024-01-19,win,2,1,1,loss,0.9879499999999999,0.012049999999999998
rand_forest,3,Iraq,Japan,2324,2024-01-19,win,2,1,1,loss,0.9879499999999999,0.012049999999999998
rand_forest,3,Jordan,"Korea, South",2324,2024-01-20,loss,2,2,0,loss,0.9426666666666668,0.057333333333333326
rand_forest,3,Jordan,"Korea, South",2324,2024-01-20,loss,2,2,0,loss,0.9426666666666668,0.057333333333333326
rand_forest,3,Morocco,DR Congo,2324,2024-01-21,loss,1,1,0,loss,0.8256460997335995,0.17435390026640024
rand_forest,3,Cape Verde,Egypt,2324,2024-01-22,loss,2,2,0,win,0.378685606060606,0.6213143939393939
rand_forest,3,Australia,Uzbekistan,2324,2024-01-23,loss,1,1,0,loss,0.5054957792207794,0.49450422077922057
rand_forest,3,Australia,Uzbekistan,2324,2024-01-23,loss,1,1,0,loss,0.5054957792207794,0.49450422077922057
rand_forest,3,South Africa,Tunisia,2324,2024-01-24,loss,0,0,0,loss,0.7195870490620487,0.28041295093795093
rand_forest,3,Egypt,DR Congo,2324,2024-01-28,loss,1,1,0,win,0.07300483405483407,0.926995165945166
rand_forest,3,Iraq,Jordan,2324,2024-01-29,loss,2,3,-1,win,0.4026310578310577,0.5973689421689425
rand_forest,3,Iraq,Jordan,2324,2024-01-29,loss,2,3,-1,win,0.4026310578310577,0.5973689421689425
rand_forest,3,Saudi Arabia,"Korea, South",2324,2024-01-30,loss,3,5,-2,loss,0.6599678571428573,0.34003214285714245
rand_forest,3,Saudi Arabia,"Korea, South",2324,2024-01-30,loss,1,1,0,loss,0.6599678571428573,0.34003214285714245
rand_forest,3,Morocco,South Africa,2324,2024-01-30,loss,0,2,-2,loss,0.7257933137124315,0.2742066862875687
rand_forest,3,Australia,"Korea, South",2324,2024-02-02,loss,1,2,-1,loss,0.9665224053724056,0.03347759462759463
rand_forest,3,Australia,"Korea, South",2324,2024-02-02,loss,1,2,-1,loss,0.9665224053724056,0.03347759462759463
rand_forest,3,Iran,Japan,2324,2024-02-03,win,2,1,1,loss,0.6273775613275614,0.37262243867243844
rand_forest,3,Qatar,Uzbekistan,2324,2024-02-03,win,4,3,1,loss,0.7065446386946389,0.2934553613053613
rand_forest,3,Qatar,Uzbekistan,2324,2024-02-03,loss,1,1,0,loss,0.7065446386946389,0.2934553613053613
rand_forest,3,Cape Verde,South Africa,2324,2024-02-03,loss,0,0,0,loss,0.5194042207792212,0.48059577922077873
rand_forest,3,Jordan,"Korea, South",2324,2024-02-06,win,2,0,2,loss,0.9426666666666668,0.057333333333333326
rand_forest,3,Jordan,"Korea, South",2324,2024-02-06,win,2,0,2,loss,0.9426666666666668,0.057333333333333326
rand_forest,3,Iran,Qatar,2324,2024-02-07,loss,2,3,-1,loss,0.5240965367965366,0.4759034632034634
rand_forest,3,Jordan,Qatar,2324,2024-02-10,loss,1,3,-2,win,0.26742184873949587,0.7325781512605042
rand_forest,3,Jordan,Qatar,2324,2024-02-10,loss,1,3,-2,win,0.26742184873949587,0.7325781512605042
rand_forest,3,South Africa,DR Congo,2324,2024-02-10,loss,0,0,0,loss,0.897861111111111,0.10213888888888892
rand_forest,3,Portugal,Sweden,2324,2024-03-21,win,5,2,3,loss,0.6374357142857145,0.36256428571428556
rand_forest,3,Norway,Czech Republic,2324,2024-03-22,loss,1,2,-1,loss,0.9234914085914085,0.07650859140859144
rand_forest,3,Spain,Colombia,2324,2024-03-22,loss,0,1,-1,loss,0.8359302086802087,0.16406979131979127
rand_forest,3,France,Germany,2324,2024-03-23,loss,0,2,-2,win,0.2611326312576309,0.7388673687423682
rand_forest,3,Germany,Netherlands,2324,2024-03-26,win,2,1,1,loss,0.9665999999999999,0.03339999999999999
rand_forest,3,Spain,Brazil,2324,2024-03-26,loss,3,3,0,loss,0.5398630952380957,0.4601369047619045
rand_forest,3,Mexico,Uruguay,2324,2024-06-05,loss,0,4,-4,loss,0.7464479797979792,0.2535520202020201
rand_forest,3,Senegal,DR Congo,2324,2024-06-06,loss,1,1,0,win,0.44732491674991665,0.5526750832500832
rand_forest,3,Netherlands,Canada,2324,2024-06-06,win,4,0,4,win,0.37497846181596167,0.6250215381840387
rand_forest,3,Mexico,Brazil,2324,2024-06-08,loss,2,3,-1,loss,0.6853301654228122,0.3146698345771872
rand_forest,3,Portugal,Croatia,2324,2024-06-08,loss,1,2,-1,loss,0.7751456016206013,0.22485439837939825
rand_forest,3,Switzerland,Austria,2324,2024-06-08,loss,1,1,0,loss,0.843309432234432,0.15669056776556778
rand_forest,3,United States,Colombia,2324,2024-06-08,loss,1,5,-4,loss,0.7916810966810969,0.2083189033189034
rand_forest,3,Argentina,Ecuador,2324,2024-06-09,win,1,0,1,win,0.23675503556471073,0.7632449644352902
rand_forest,3,France,Canada,2324,2024-06-09,loss,0,0,0,win,0.4005137529137528,0.5994862470862471
rand_forest,3,Saudi Arabia,Jordan,2324,2024-06-11,loss,1,2,-1,win,0.1716772005772006,0.8283227994227992
rand_forest,3,United States,Brazil,2324,2024-06-12,loss,1,1,0,loss,0.9734811688311689,0.02651883116883117
rand_forest,3,Germany,Scotland,2324,2024-06-14,win,5,1,4,win,0.376306540440236,0.6236934595597639
rand_forest,3,Spain,Croatia,2324,2024-06-15,win,3,0,3,win,0.34299761904761905,0.6570023809523808
rand_forest,3,Spain,Croatia,2324,2024-06-15,win,3,0,3,win,0.34299761904761905,0.6570023809523808
rand_forest,3,Panama,Paraguay,2324,2024-06-16,loss,0,1,-1,loss,0.7788077200577203,0.22119227994227997
rand_forest,3,Austria,France,2324,2024-06-17,loss,0,1,-1,win,0.3730892857142851,0.6269107142857141
rand_forest,3,Austria,France,2324,2024-06-17,loss,0,1,-1,win,0.3730892857142851,0.6269107142857141
rand_forest,3,Portugal,Czech Republic,2324,2024-06-18,win,2,1,1,loss,0.5092278022630962,0.4907721977369038
rand_forest,3,Portugal,Czech Republic,2324,2024-06-18,win,2,1,1,loss,0.5092278022630962,0.4907721977369038
rand_forest,3,Scotland,Switzerland,2324,2024-06-19,loss,1,1,0,loss,0.6752685425685426,0.3247314574314576
rand_forest,3,Argentina,Canada,2324,2024-06-20,win,2,0,2,win,0.22709796414026281,0.7729020358597368
rand_forest,3,Argentina,Canada,2324,2024-06-21,win,2,0,2,win,0.22709796414026281,0.7729020358597368
rand_forest,3,Netherlands,France,2324,2024-06-21,loss,0,0,0,loss,0.6824431457431455,0.3175568542568542
rand_forest,3,Netherlands,France,2324,2024-06-21,loss,0,0,0,loss,0.6824431457431455,0.3175568542568542
rand_forest,3,Turkiye,Portugal,2324,2024-06-22,loss,0,3,-3,loss,0.7987880952380954,0.20121190476190476
rand_forest,3,Türkiye,Portugal,2324,2024-06-22,loss,0,3,-3,loss,0.6553862082362083,0.34461379176379153
rand_forest,3,Uruguay,Panama,2324,2024-06-23,win,3,1,2,win,0.08349256854256858,0.9165074314574316
rand_forest,3,Switzerland,Germany,2324,2024-06-23,loss,1,1,0,loss,0.544792857142857,0.4552071428571432
rand_forest,3,Switzerland,Germany,2324,2024-06-23,loss,1,1,0,loss,0.544792857142857,0.4552071428571432
rand_forest,3,Colombia,Paraguay,2324,2024-06-24,win,2,1,1,loss,0.6232455523535624,0.3767544476464366
rand_forest,3,Colombia,Paraguay,2324,2024-06-24,win,2,1,1,loss,0.6232455523535624,0.3767544476464366
rand_forest,3,Uruguay,Panama,2324,2024-06-24,win,3,1,2,win,0.08349256854256858,0.9165074314574316
rand_forest,3,Netherlands,Austria,2324,2024-06-25,loss,2,3,-1,win,0.023027777777777775,0.9769722222222222
rand_forest,3,Netherlands,Austria,2324,2024-06-25,loss,2,3,-1,win,0.023027777777777775,0.9769722222222222
rand_forest,3,Czech Republic,Turkiye,2324,2024-06-26,loss,1,2,-1,loss,0.5962305555555557,0.40376944444444446
rand_forest,3,Czech Republic,Türkiye,2324,2024-06-26,loss,1,2,-1,loss,0.6370446275946278,0.3629553724053725
rand_forest,3,Panama,United States,2324,2024-06-27,win,2,1,1,loss,0.9994166666666666,5.833333333333333e-4
rand_forest,3,Panama,United States,2324,2024-06-27,win,2,1,1,loss,0.9994166666666666,5.833333333333333e-4
rand_forest,3,Paraguay,Brazil,2324,2024-06-28,loss,1,4,-3,loss,0.600856399156399,0.3991436008436002
rand_forest,3,Paraguay,Brazil,2324,2024-06-29,loss,1,4,-3,loss,0.600856399156399,0.3991436008436002
rand_forest,3,Mexico,Ecuador,2324,2024-06-30,loss,0,0,0,win,0.4315288031413038,0.5684711968586972
rand_forest,3,United States,Uruguay,2324,2024-07-01,loss,0,1,-1,loss,0.7304351787101787,0.26956482128982123
rand_forest,3,Mexico,Ecuador,2324,2024-07-01,loss,0,0,0,win,0.4315288031413038,0.5684711968586972
rand_forest,3,France,Belgium,2324,2024-07-01,win,1,0,1,win,0.25135526695526683,0.7486447330447319
rand_forest,3,Brazil,Colombia,2324,2024-07-02,loss,1,1,0,win,0.3664206273266378,0.6335793726733627
rand_forest,3,United States,Uruguay,2324,2024-07-02,loss,0,1,-1,loss,0.7304351787101787,0.26956482128982123
rand_forest,3,Austria,Turkiye,2324,2024-07-02,loss,1,2,-1,win,0.3442334693084693,0.6557665306915311
rand_forest,3,Austria,Türkiye,2324,2024-07-02,loss,1,2,-1,win,0.3445105977355975,0.6554894022644022
rand_forest,3,Brazil,Colombia,2324,2024-07-03,loss,1,1,0,win,0.3664206273266378,0.6335793726733627
rand_forest,3,Argentina,Ecuador,2324,2024-07-04,loss,1,1,0,win,0.23675503556471073,0.7632449644352902
rand_forest,3,Argentina,Ecuador,2324,2024-07-05,win,5,3,2,win,0.23675503556471073,0.7632449644352902
rand_forest,3,Portugal,France,2324,2024-07-05,loss,3,5,-2,loss,0.7979453990453982,0.20205460095460087
rand_forest,3,Spain,Germany,2324,2024-07-05,win,2,1,1,loss,0.8018189227439226,0.1981810772560772
rand_forest,3,Portugal,France,2324,2024-07-05,loss,0,0,0,loss,0.7979453990453982,0.20205460095460087
rand_forest,3,Spain,Germany,2324,2024-07-05,win,2,1,1,loss,0.8018189227439226,0.1981810772560772
rand_forest,3,Colombia,Panama,2324,2024-07-06,win,5,0,5,win,0.08581497668997672,0.9141850233100235
rand_forest,3,Uruguay,Brazil,2324,2024-07-06,loss,0,0,0,loss,0.6702086163836176,0.3297913836163838
rand_forest,3,Colombia,Panama,2324,2024-07-06,win,5,0,5,win,0.08581497668997672,0.9141850233100235
rand_forest,3,England,Switzerland,2324,2024-07-06,win,6,4,2,loss,0.596091945636063,0.40390805436393684
rand_forest,3,Netherlands,Turkiye,2324,2024-07-06,win,2,1,1,win,0.3460127165318343,0.6539872834681663
rand_forest,3,Netherlands,Türkiye,2324,2024-07-06,win,2,1,1,win,0.41208597023891147,0.5879140297610886
rand_forest,3,Uruguay,Brazil,2324,2024-07-07,win,4,2,2,loss,0.6702086163836176,0.3297913836163838
rand_forest,3,Argentina,Canada,2324,2024-07-09,win,2,0,2,win,0.22709796414026281,0.7729020358597368
rand_forest,3,Spain,France,2324,2024-07-09,win,2,1,1,loss,0.7350862082362082,0.26491379176379165
rand_forest,3,Spain,France,2324,2024-07-09,win,2,1,1,loss,0.7350862082362082,0.26491379176379165
rand_forest,3,Uruguay,Colombia,2324,2024-07-10,loss,0,1,-1,win,0.3708895642455236,0.6291104357544762
rand_forest,3,Argentina,Canada,2324,2024-07-10,win,2,0,2,win,0.22709796414026281,0.7729020358597368
rand_forest,3,Netherlands,England,2324,2024-07-10,loss,1,2,-1,loss,0.7396353812853811,0.2603646187146185
rand_forest,3,Uruguay,Colombia,2324,2024-07-11,loss,0,1,-1,win,0.3708895642455236,0.6291104357544762
rand_forest,3,Canada,Uruguay,2324,2024-07-13,loss,2,2,0,loss,0.520224386724387,0.47977561327561313
rand_forest,3,Argentina,Colombia,2324,2024-07-14,win,1,0,1,win,0.4441890544912605,0.5558109455087391
rand_forest,3,Canada,Uruguay,2324,2024-07-14,loss,5,6,-1,loss,0.520224386724387,0.47977561327561313
rand_forest,3,Spain,England,2324,2024-07-14,win,2,1,1,loss,0.6246412046287048,0.37535879537129513
rand_forest,3,Argentina,Colombia,2324,2024-07-15,win,1,0,1,win,0.4441890544912605,0.5558109455087391
rand_forest,3,Brazil,Ecuador,2425,2024-09-06,win,1,0,1,win,0.24255279785573952,0.7574472021442599
rand_forest,3,Uruguay,Paraguay,2425,2024-09-06,loss,0,0,0,win,0.49761120594232033,0.5023887940576797
rand_forest,3,Mexico,New Zealand,2425,2024-09-07,win,3,0,3,win,0.13176089466089463,0.8682391053391055
rand_forest,3,United States,Canada,2425,2024-09-07,loss,1,2,-1,win,0.026499567099567092,0.9735004329004326
rand_forest,3,Colombia,Argentina,2425,2024-09-10,win,2,1,1,loss,0.8540753926628923,0.14592460733710752
rand_forest,3,Paraguay,Brazil,2425,2024-09-10,win,1,0,1,loss,0.600856399156399,0.3991436008436002
rand_forest,3,Mexico,Canada,2425,2024-09-10,loss,0,0,0,win,0.0012666666666666666,0.9987333333333334
rand_forest,3,United States,New Zealand,2425,2024-09-10,loss,1,1,0,loss,0.7116618187368183,0.2883381812631812
rand_forest,3,Jordan,"Korea, South",2425,2024-10-10,loss,0,2,-2,loss,0.9426666666666668,0.057333333333333326
rand_forest,3,Saudi Arabia,Japan,2425,2024-10-10,loss,0,2,-2,loss,0.6075449411699411,0.3924550588300582
rand_forest,3,Ecuador,Paraguay,2425,2024-10-10,loss,0,0,0,win,0.3242510295260294,0.6757489704739704
rand_forest,3,United States,Panama,2425,2024-10-12,win,2,0,2,win,0.21857548562548568,0.7814245143745155
rand_forest,3,Japan,Australia,2425,2024-10-15,loss,1,1,0,loss,0.5061318972693979,0.4938681027306021
rand_forest,3,"Korea, South",Iraq,2425,2024-10-15,win,3,2,1,win,0.4797369047619049,0.5202630952380951
rand_forest,3,Uruguay,Ecuador,2425,2024-10-15,loss,0,0,0,win,0.289802308067749,0.7101976919322506
rand_forest,3,Canada,Panama,2425,2024-10-15,win,2,1,1,win,0.018553846153846153,0.9814461538461537
rand_forest,3,Mexico,United States,2425,2024-10-15,win,2,0,2,win,0.4946198152251946,0.5053801847748056
rand_forest,3,Australia,Saudi Arabia,2425,2024-11-14,loss,0,0,0,win,0.34730595238095197,0.6526940476190476
rand_forest,3,Iraq,Jordan,2425,2024-11-14,loss,0,0,0,win,0.4026310578310577,0.5973689421689425
rand_forest,3,Qatar,Uzbekistan,2425,2024-11-14,win,3,2,1,loss,0.7065446386946389,0.2934553613053613
rand_forest,3,Paraguay,Argentina,2425,2024-11-14,win,2,1,1,loss,0.6519378430393139,0.34806215696068615
rand_forest,3,Uruguay,Colombia,2425,2024-11-15,win,3,2,1,win,0.3708895642455236,0.6291104357544762
rand_forest,3,Brazil,Uruguay,2425,2024-11-19,loss,1,1,0,win,0.4227174151828556,0.5772825848171442
rand_forest,3,Colombia,Ecuador,2425,2024-11-19,loss,0,1,-1,win,0.2915546152377035,0.7084453847622973
rand_forest,3,Haiti,Saudi Arabia,2425,2025-06-15,loss,0,1,-1,loss,0.6255036075036078,0.3744963924963923
rand_forest,3,Saudi Arabia,United States,2425,2025-06-19,loss,0,1,-1,loss,0.7984760767010767,0.20152392329892335
rand_forest,3,Curacao,Canada,2425,2025-06-21,loss,1,1,0,win,0.36340155122655127,0.6365984487734485
rand_forest,3,United States,Haiti,2425,2025-06-22,win,2,1,1,win,0.06542547615782908,0.9345745238421712
rand_forest,3,Mexico,Saudi Arabia,2425,2025-06-28,win,2,0,2,win,0.3585227203352204,0.6414772796647797
rand_forest,3,United States,Mexico,2425,2025-07-06,loss,1,2,-1,win,0.36550468811804,0.6344953118819611
rand_forest,3,Morocco,Mali,2526,2025-12-26,loss,1,1,0,win,0.38933153513153507,0.6106684648684648
rand_forest,3,Senegal,DR Congo,2526,2025-12-27,loss,1,1,0,win,0.44732491674991665,0.5526750832500832
rand_forest,3,Nigeria,Tunisia,2526,2025-12-27,win,3,2,1,win,0.4675840659340658,0.5324159340659342
rand_forest,3,Côte d'Ivoire,Cameroon,2526,2025-12-28,loss,1,1,0,win,0.41805801420801414,0.5819419857919857
rand_forest,3,Mali,Tunisia,2526,2026-01-03,win,3,2,1,win,0.4675840659340658,0.5324159340659342
rand_forest,3,Algeria,DR Congo,2526,2026-01-06,win,1,0,1,loss,0.8062726578976576,0.19372734210234216
rand_forest,3,Mali,Senegal,2526,2026-01-09,loss,0,1,-1,loss,0.5791501803751803,0.4208498196248195
rand_forest,3,Cameroon,Morocco,2526,2026-01-09,loss,0,2,-2,win,0.4971765151515153,0.5028234848484847
rand_forest,3,Egypt,Cote d'Ivoire,2526,2026-01-10,win,3,2,1,win,0.361620274170274,0.6383797258297258
rand_forest,3,Algeria,Nigeria,2526,2026-01-10,loss,0,2,-2,win,0.3582119214119214,0.6417880785880786
rand_forest,3,Egypt,Côte d'Ivoire,2526,2026-01-10,win,3,2,1,win,0.421201923076923,0.5787980769230768
rand_forest,3,Senegal,Egypt,2526,2026-01-14,win,1,0,1,loss,0.8960757575757573,0.10392424242424242
rand_forest,3,Nigeria,Morocco,2526,2026-01-14,loss,2,4,-2,win,0.4971765151515153,0.5028234848484847
rand_forest,3,Egypt,Nigeria,2526,2026-01-17,loss,2,4,-2,win,0.421201923076923,0.5787980769230768
rand_forest,3,Senegal,Morocco,2526,2026-01-18,loss,0,3,-3,win,0.21300767337237922,0.7869923266276208
rand_forest,3,Colombia,Jordan,NANA,NA,win,3,0,3,win,0.30892544261294264,0.6910745573870583
rand_forest,3,Mexico,Portugal,NANA,NA,loss,0,1,-1,loss,0.6231569381598794,0.37684306184012045
xgboost,4,"Korea, South",Paraguay,2122,2022-06-10,loss,2,2,0,win,0.05793846398591995,0.94206153601408
xgboost,4,Ecuador,Cape Verde,2122,2022-06-11,win,1,0,1,win,0.14100295305252075,0.8589970469474792
xgboost,4,"Korea, South",Egypt,2122,2022-06-14,win,4,1,3,win,0.4597344398498535,0.5402655601501465
xgboost,4,Mexico,Paraguay,2223,2022-08-31,loss,0,1,-1,win,0.19145467877388,0.80854532122612
xgboost,4,Australia,New Zealand,2223,2022-09-22,win,1,0,1,win,0.04817010089755058,0.9518298991024494
xgboost,4,Brazil,Ghana,2223,2022-09-23,win,3,0,3,win,0.024880072101950645,0.9751199278980494
xgboost,4,Japan,United States,2223,2022-09-23,win,2,0,2,loss,0.9234510660171509,0.07654893398284912
xgboost,4,Qatar,Canada,2223,2022-09-23,loss,0,2,-2,loss,0.6594086289405823,0.3405913710594177
xgboost,4,Saudi Arabia,Ecuador,2223,2022-09-23,loss,0,0,0,loss,0.7707479596138,0.22925204038619995
xgboost,4,New Zealand,Australia,2223,2022-09-25,loss,0,2,-2,win,0.255662202835083,0.744337797164917
xgboost,4,Brazil,Tunisia,2223,2022-09-27,win,5,1,4,win,0.2507958710193634,0.7492041289806366
xgboost,4,Canada,Uruguay,2223,2022-09-27,loss,0,2,-2,win,0.3486579954624176,0.6513420045375824
xgboost,4,Japan,Ecuador,2223,2022-09-27,loss,0,0,0,win,0.4372189939022064,0.5627810060977936
xgboost,4,Mexico,Colombia,2223,2022-09-27,loss,2,3,-1,loss,0.732390284538269,0.26760971546173096
xgboost,4,Morocco,Paraguay,2223,2022-09-27,loss,0,0,0,win,0.3577735722064972,0.6422264277935028
xgboost,4,Saudi Arabia,United States,2223,2022-09-27,loss,0,0,0,loss,0.8467229008674622,0.15327709913253784
xgboost,4,Mexico,Iraq,2223,2022-11-09,win,4,0,4,win,0.015411080792546272,0.9845889192074537
xgboost,4,Saudi Arabia,Panama,2223,2022-11-10,loss,1,1,0,loss,0.6181477308273315,0.38185226917266846
xgboost,4,Ecuador,Iraq,2223,2022-11-12,loss,0,0,0,win,0.05817462131381035,0.9418253786861897
xgboost,4,Mexico,Sweden,2223,2022-11-16,loss,1,2,-1,loss,0.9491944909095764,0.050805509090423584
xgboost,4,Saudi Arabia,Croatia,2223,2022-11-16,loss,0,1,-1,loss,0.7543697357177734,0.24563026428222656
xgboost,4,Ghana,Switzerland,2223,2022-11-17,win,2,0,2,loss,0.5547880530357361,0.4452119469642639
xgboost,4,Japan,Canada,2223,2022-11-17,loss,1,2,-1,win,0.09216184169054031,0.9078381583094597
xgboost,4,Egypt,Belgium,2223,2022-11-18,win,2,1,1,win,0.4836539328098297,0.5163460671901703
xgboost,4,Colombia,Paraguay,2223,2022-11-19,win,2,0,2,loss,0.6245181560516357,0.37548184394836426
xgboost,4,Sweden,Algeria,2223,2022-11-19,win,2,0,2,win,0.29521235823631287,0.7047876417636871
xgboost,4,Qatar,Ecuador,2223,2022-11-20,loss,0,2,-2,win,0.08504420518875122,0.9149557948112488
xgboost,4,Qatar,Ecuador,2223,2022-11-20,loss,0,2,-2,win,0.08504420518875122,0.9149557948112488
xgboost,4,Senegal,Netherlands,2223,2022-11-21,loss,0,2,-2,loss,0.8588950634002686,0.14110493659973145
xgboost,4,England,Iran,2223,2022-11-21,win,6,2,4,win,0.45358985662460327,0.5464101433753967
xgboost,4,Senegal,Netherlands,2223,2022-11-21,loss,0,2,-2,loss,0.8588950634002686,0.14110493659973145
xgboost,4,Argentina,Saudi Arabia,2223,2022-11-22,loss,1,2,-1,win,0.01428684126585722,0.9857131587341428
xgboost,4,France,Australia,2223,2022-11-22,win,4,1,3,win,0.03894612938165665,0.9610538706183434
xgboost,4,Argentina,Saudi Arabia,2223,2022-11-22,loss,1,2,-1,win,0.01428684126585722,0.9857131587341428
xgboost,4,France,Australia,2223,2022-11-22,win,4,1,3,win,0.03894612938165665,0.9610538706183434
xgboost,4,Belgium,Canada,2223,2022-11-23,win,1,0,1,win,0.020816991105675697,0.9791830088943243
xgboost,4,Germany,Japan,2223,2022-11-23,loss,1,2,-1,win,0.28563040494918823,0.7143695950508118
xgboost,4,Morocco,Croatia,2223,2022-11-23,loss,0,0,0,loss,0.8126277327537537,0.18737226724624634
xgboost,4,Germany,Japan,2223,2022-11-23,loss,1,2,-1,win,0.28563040494918823,0.7143695950508118
xgboost,4,Morocco,Croatia,2223,2022-11-23,loss,0,0,0,loss,0.8126277327537537,0.18737226724624634
xgboost,4,Portugal,Ghana,2223,2022-11-24,win,3,2,1,win,0.10540113598108292,0.8945988640189171
xgboost,4,Uruguay,"Korea, South",2223,2022-11-24,loss,0,0,0,win,0.08718634396791458,0.9128136560320854
xgboost,4,Uruguay,"Korea, South",2223,2022-11-24,loss,0,0,0,win,0.08718634396791458,0.9128136560320854
xgboost,4,Switzerland,Cameroon,2223,2022-11-24,win,1,0,1,win,0.4050450623035431,0.5949549376964569
xgboost,4,Netherlands,Ecuador,2223,2022-11-25,loss,1,1,0,loss,0.863962709903717,0.13603729009628296
xgboost,4,Qatar,Senegal,2223,2022-11-25,loss,1,3,-2,loss,0.9799891114234924,0.02001088857650757
xgboost,4,England,United States,2223,2022-11-25,loss,0,0,0,loss,0.7996876239776611,0.20031237602233887
xgboost,4,Netherlands,Ecuador,2223,2022-11-25,loss,1,1,0,loss,0.863962709903717,0.13603729009628296
xgboost,4,Qatar,Senegal,2223,2022-11-25,loss,1,3,-2,loss,0.9799891114234924,0.02001088857650757
xgboost,4,Argentina,Mexico,2223,2022-11-26,win,2,0,2,win,0.1445242017507553,0.8554757982492447
xgboost,4,Tunisia,Australia,2223,2022-11-26,loss,0,1,-1,loss,0.5456835627555847,0.4543164372444153
xgboost,4,Argentina,Mexico,2223,2022-11-26,win,2,0,2,win,0.1445242017507553,0.8554757982492447
xgboost,4,Tunisia,Australia,2223,2022-11-26,loss,0,1,-1,loss,0.5456835627555847,0.4543164372444153
xgboost,4,Belgium,Morocco,2223,2022-11-27,loss,0,2,-2,win,0.009016026742756367,0.9909839732572436
xgboost,4,Croatia,Canada,2223,2022-11-27,win,4,1,3,win,0.011373626999557018,0.988626373000443
xgboost,4,Spain,Germany,2223,2022-11-27,loss,1,1,0,loss,0.9638446569442749,0.0361553430557251
xgboost,4,Croatia,Canada,2223,2022-11-27,win,4,1,3,win,0.011373626999557018,0.988626373000443
xgboost,4,Spain,Germany,2223,2022-11-27,loss,1,1,0,loss,0.9638446569442749,0.0361553430557251
xgboost,4,Brazil,Switzerland,2223,2022-11-28,win,1,0,1,loss,0.9361289143562317,0.06387108564376831
xgboost,4,"Korea, South",Ghana,2223,2022-11-28,loss,2,3,-1,loss,0.8034054636955261,0.19659453630447388
xgboost,4,Portugal,Uruguay,2223,2022-11-28,win,2,0,2,win,0.27988964319229126,0.7201103568077087
xgboost,4,Brazil,Switzerland,2223,2022-11-28,win,1,0,1,loss,0.9361289143562317,0.06387108564376831
xgboost,4,Portugal,Uruguay,2223,2022-11-28,win,2,0,2,win,0.27988964319229126,0.7201103568077087
xgboost,4,Ecuador,Senegal,2223,2022-11-29,loss,1,2,-1,loss,0.8221213221549988,0.17787867784500122
xgboost,4,Netherlands,Qatar,2223,2022-11-29,win,2,0,2,win,0.25415414571762085,0.7458458542823792
xgboost,4,Ecuador,Senegal,2223,2022-11-29,loss,1,2,-1,loss,0.8221213221549988,0.17787867784500122
xgboost,4,Iran,United States,2223,2022-11-29,loss,0,1,-1,loss,0.9800732731819153,0.019926726818084717
xgboost,4,Netherlands,Qatar,2223,2022-11-29,win,2,0,2,win,0.25415414571762085,0.7458458542823792
xgboost,4,Saudi Arabia,Mexico,2223,2022-11-30,loss,1,2,-1,loss,0.9049692749977112,0.09503072500228882
xgboost,4,Tunisia,France,2223,2022-11-30,win,1,0,1,loss,0.985275149345398,0.01472485065460205
xgboost,4,Saudi Arabia,Mexico,2223,2022-11-30,loss,1,2,-1,loss,0.9049692749977112,0.09503072500228882
xgboost,4,Tunisia,France,2223,2022-11-30,win,1,0,1,loss,0.985275149345398,0.01472485065460205
xgboost,4,Canada,Morocco,2223,2022-12-01,loss,1,2,-1,loss,0.7175442576408386,0.2824557423591614
xgboost,4,Croatia,Belgium,2223,2022-12-01,loss,0,0,0,win,0.4545675218105316,0.5454324781894684
xgboost,4,Japan,Spain,2223,2022-12-01,win,2,1,1,loss,0.9902492165565491,0.009750783443450928
xgboost,4,Canada,Morocco,2223,2022-12-01,loss,1,2,-1,loss,0.7175442576408386,0.2824557423591614
xgboost,4,Japan,Spain,2223,2022-12-01,win,2,1,1,loss,0.9902492165565491,0.009750783443450928
xgboost,4,Ghana,Uruguay,2223,2022-12-02,loss,0,2,-2,win,0.4747757613658905,0.5252242386341095
xgboost,4,"Korea, South",Portugal,2223,2022-12-02,win,2,1,1,loss,0.9487690329551697,0.05123096704483032
xgboost,4,"Korea, South",Portugal,2223,2022-12-02,win,2,1,1,loss,0.9487690329551697,0.05123096704483032
xgboost,4,Cameroon,Brazil,2223,2022-12-02,win,1,0,1,loss,0.7199842929840088,0.2800157070159912
xgboost,4,Argentina,Australia,2223,2022-12-03,win,2,1,1,win,0.0634785071015358,0.9365214928984642
xgboost,4,Netherlands,United States,2223,2022-12-03,win,3,1,2,loss,0.8431339859962463,0.15686601400375366
xgboost,4,Argentina,Australia,2223,2022-12-03,win,2,1,1,win,0.0634785071015358,0.9365214928984642
xgboost,4,Netherlands,United States,2223,2022-12-03,win,3,1,2,loss,0.8431339859962463,0.15686601400375366
xgboost,4,England,Senegal,2223,2022-12-04,win,3,0,3,loss,0.7838056683540344,0.21619433164596558
xgboost,4,Brazil,"Korea, South",2223,2022-12-05,win,4,1,3,win,0.07025905698537827,0.9297409430146217
xgboost,4,Japan,Croatia,2223,2022-12-05,loss,1,1,0,loss,0.9914689064025879,0.00853109359741211
xgboost,4,Brazil,"Korea, South",2223,2022-12-05,win,4,1,3,win,0.07025905698537827,0.9297409430146217
xgboost,4,Japan,Croatia,2223,2022-12-05,loss,2,4,-2,loss,0.9914689064025879,0.00853109359741211
xgboost,4,Morocco,Spain,2223,2022-12-06,loss,0,0,0,loss,0.9933740496635437,0.006625950336456299
xgboost,4,Portugal,Switzerland,2223,2022-12-06,win,6,1,5,win,0.06975147128105164,0.9302485287189484
xgboost,4,Morocco,Spain,2223,2022-12-06,win,3,0,3,loss,0.9933740496635437,0.006625950336456299
xgboost,4,Portugal,Switzerland,2223,2022-12-06,win,6,1,5,win,0.06975147128105164,0.9302485287189484
xgboost,4,Croatia,Brazil,2223,2022-12-09,loss,1,1,0,loss,0.6022394895553589,0.3977605104446411
xgboost,4,Netherlands,Argentina,2223,2022-12-09,loss,2,2,0,loss,0.5143184661865234,0.48568153381347656
xgboost,4,Croatia,Brazil,2223,2022-12-09,win,5,3,2,loss,0.6022394895553589,0.3977605104446411
xgboost,4,Netherlands,Argentina,2223,2022-12-09,loss,5,6,-1,loss,0.5143184661865234,0.48568153381347656
xgboost,4,Morocco,Portugal,2223,2022-12-10,win,1,0,1,loss,0.9017428159713745,0.09825718402862549
xgboost,4,England,France,2223,2022-12-10,loss,1,2,-1,win,0.4971570372581482,0.5028429627418518
xgboost,4,Morocco,Portugal,2223,2022-12-10,win,1,0,1,loss,0.9017428159713745,0.09825718402862549
xgboost,4,Argentina,Croatia,2223,2022-12-13,win,3,0,3,win,0.49921539425849915,0.5007846057415009
xgboost,4,Argentina,Croatia,2223,2022-12-13,win,3,0,3,win,0.49921539425849915,0.5007846057415009
xgboost,4,France,Morocco,2223,2022-12-14,win,2,0,2,loss,0.6379520893096924,0.3620479106903076
xgboost,4,France,Morocco,2223,2022-12-14,win,2,0,2,loss,0.6379520893096924,0.3620479106903076
xgboost,4,Croatia,Morocco,2223,2022-12-17,win,2,1,1,win,0.06591502577066422,0.9340849742293358
xgboost,4,Croatia,Morocco,2223,2022-12-17,win,2,1,1,win,0.06591502577066422,0.9340849742293358
xgboost,4,Argentina,France,2223,2022-12-18,loss,3,3,0,win,0.02876255288720131,0.9712374471127987
xgboost,4,Argentina,France,2223,2022-12-18,win,7,5,2,win,0.02876255288720131,0.9712374471127987
xgboost,4,United States,Colombia,2223,2023-01-28,loss,0,0,0,loss,0.7994518280029297,0.2005481719970703
xgboost,4,Argentina,Panama,2223,2023-03-23,win,2,0,2,win,0.02576237916946411,0.9742376208305359
xgboost,4,Australia,Ecuador,2223,2023-03-24,win,3,1,2,loss,0.9188773036003113,0.08112269639968872
xgboost,4,Japan,Uruguay,2223,2023-03-24,loss,1,1,0,loss,0.5474491119384766,0.45255088806152344
xgboost,4,"Korea, South",Colombia,2223,2023-03-24,loss,2,2,0,win,0.07896896451711655,0.9210310354828835
xgboost,4,France,Netherlands,2223,2023-03-24,win,4,0,4,win,0.34215787053108215,0.6578421294689178
xgboost,4,Sweden,Belgium,2223,2023-03-24,loss,0,3,-3,loss,0.9613886475563049,0.03861135244369507
xgboost,4,Morocco,Brazil,2223,2023-03-25,win,2,1,1,loss,0.9319962859153748,0.06800371408462524
xgboost,4,Spain,Norway,2223,2023-03-25,win,3,0,3,win,0.4807785153388977,0.5192214846611023
xgboost,4,Argentina,Curacao,2223,2023-03-28,win,7,0,7,win,0.06544792652130127,0.9345520734786987
xgboost,4,Australia,Ecuador,2223,2023-03-28,loss,1,2,-1,loss,0.9188773036003113,0.08112269639968872
xgboost,4,Germany,Belgium,2223,2023-03-28,loss,2,3,-1,win,0.03186986595392227,0.9681301340460777
xgboost,4,Japan,Colombia,2223,2023-03-28,loss,1,2,-1,loss,0.971146285533905,0.02885371446609497
xgboost,4,"Korea, South",Uruguay,2223,2023-03-28,loss,1,2,-1,loss,0.6648736000061035,0.3351263999938965
xgboost,4,United States,Mexico,2223,2023-04-19,loss,1,1,0,win,0.36753061413764954,0.6324693858623505
xgboost,4,Morocco,Cape Verde,2223,2023-06-12,loss,0,0,0,loss,0.9192851781845093,0.08071482181549072
xgboost,4,Argentina,Australia,2223,2023-06-15,win,2,0,2,win,0.0634785071015358,0.9365214928984642
xgboost,4,Colombia,Iraq,2223,2023-06-16,win,1,0,1,win,0.03287949040532112,0.9671205095946789
xgboost,4,Sweden,New Zealand,2223,2023-06-16,win,4,1,3,win,0.029627878218889236,0.9703721217811108
xgboost,4,Belgium,Austria,2223,2023-06-17,loss,1,1,0,loss,0.9065595865249634,0.09344041347503662
xgboost,4,Qatar,New Zealand,2223,2023-06-19,loss,0,1,-1,win,0.057545196264982224,0.9424548037350178
xgboost,4,Algeria,Tunisia,2223,2023-06-20,loss,1,1,0,loss,0.501278817653656,0.498721182346344
xgboost,4,Brazil,Senegal,2223,2023-06-20,loss,2,4,-2,loss,0.8869466185569763,0.11305338144302368
xgboost,4,Germany,Colombia,2223,2023-06-20,loss,0,2,-2,loss,0.5475370287895203,0.45246297121047974
xgboost,4,Austria,Sweden,2223,2023-06-20,win,2,0,2,win,0.20181147754192352,0.7981885224580765
xgboost,4,Haiti,Qatar,2223,2023-06-25,win,2,1,1,loss,0.5753668546676636,0.4246331453323364
xgboost,4,Haiti,Mexico,2223,2023-06-29,loss,1,3,-2,loss,0.9569411277770996,0.04305887222290039
xgboost,4,Mexico,Qatar,2223,2023-07-02,loss,0,1,-1,win,0.18603989481925964,0.8139601051807404
xgboost,4,Panama,Qatar,2223,2023-07-08,win,4,0,4,loss,0.7319608330726624,0.26803916692733765
xgboost,4,United States,Canada,2223,2023-07-09,loss,2,2,0,win,0.009601005353033543,0.9903989946469665
xgboost,4,United States,Panama,2223,2023-07-12,loss,1,1,0,win,0.21881793439388275,0.7811820656061172
xgboost,4,Mexico,Panama,2223,2023-07-16,win,1,0,1,win,0.010296461172401905,0.9897035388275981
xgboost,4,Argentina,Ecuador,2324,2023-09-07,win,1,0,1,win,0.21803542971611023,0.7819645702838898
xgboost,4,Norway,Jordan,2324,2023-09-07,win,6,0,6,win,0.03500434756278992,0.9649956524372101
xgboost,4,Germany,Japan,2324,2023-09-09,loss,1,4,-3,win,0.28563040494918823,0.7143695950508118
xgboost,4,Mexico,Australia,2324,2023-09-09,loss,2,2,0,win,0.21635101735591888,0.7836489826440811
xgboost,4,United States,Uzbekistan,2324,2023-09-09,win,3,0,3,loss,0.6353009939193726,0.36469900608062744
xgboost,4,Ecuador,Uruguay,2324,2023-09-12,win,2,1,1,loss,0.5081379413604736,0.49186205863952637
xgboost,4,Egypt,Tunisia,2324,2023-09-12,loss,1,3,-2,win,0.062176141887903214,0.9378238581120968
xgboost,4,Germany,France,2324,2023-09-12,win,2,1,1,loss,0.9639188647270203,0.036081135272979736
xgboost,4,Mexico,Uzbekistan,2324,2023-09-12,loss,3,3,0,win,0.1812438815832138,0.8187561184167862
xgboost,4,Saudi Arabia,"Korea, South",2324,2023-09-12,loss,0,1,-1,loss,0.695260226726532,0.304739773273468
xgboost,4,Senegal,Algeria,2324,2023-09-12,loss,0,1,-1,loss,0.6492809653282166,0.35071903467178345
xgboost,4,South Africa,DR Congo,2324,2023-09-12,win,1,0,1,loss,0.9583760499954224,0.04162395000457764
xgboost,4,Sweden,Austria,2324,2023-09-12,loss,1,3,-2,loss,0.6643653512001038,0.33563464879989624
xgboost,4,Argentina,Paraguay,2324,2023-10-12,win,1,0,1,loss,0.6872087717056274,0.31279122829437256
xgboost,4,Colombia,Uruguay,2324,2023-10-12,loss,2,2,0,win,0.4308988153934479,0.5691011846065521
xgboost,4,Algeria,Cape Verde,2324,2023-10-12,win,5,1,4,win,0.4848296642303467,0.5151703357696533
xgboost,4,Japan,Canada,2324,2023-10-13,win,4,1,3,win,0.09216184169054031,0.9078381583094597
xgboost,4,"Korea, South",Tunisia,2324,2023-10-13,win,4,0,4,loss,0.9545490145683289,0.04545098543167114
xgboost,4,New Zealand,DR Congo,2324,2023-10-13,loss,1,1,0,win,0.030244696885347366,0.9697553031146526
xgboost,4,Austria,Belgium,2324,2023-10-13,loss,2,3,-1,loss,0.9569920897483826,0.04300791025161743
xgboost,4,Netherlands,France,2324,2023-10-13,loss,1,2,-1,loss,0.6749314665794373,0.32506853342056274
xgboost,4,Mexico,Ghana,2324,2023-10-14,win,2,0,2,win,0.13431316614151,0.86568683385849
xgboost,4,United States,Germany,2324,2023-10-14,loss,1,3,-2,loss,0.9789440631866455,0.021055936813354492
xgboost,4,Norway,Spain,2324,2023-10-15,loss,0,1,-1,loss,0.9599351286888123,0.040064871311187744
xgboost,4,Egypt,Algeria,2324,2023-10-16,loss,1,1,0,win,0.03962674364447594,0.9603732563555241
xgboost,4,Belgium,Sweden,2324,2023-10-16,loss,1,1,0,win,0.025913065299391747,0.9740869347006083
xgboost,4,Ecuador,Colombia,2324,2023-10-17,loss,0,0,0,loss,0.5743615627288818,0.42563843727111816
xgboost,4,Uruguay,Brazil,2324,2023-10-17,win,2,0,2,loss,0.6546630263328552,0.3453369736671448
xgboost,4,Australia,New Zealand,2324,2023-10-17,win,2,0,2,win,0.04817010089755058,0.9518298991024494
xgboost,4,Japan,Tunisia,2324,2023-10-17,win,2,0,2,win,0.14591999351978302,0.854080006480217
xgboost,4,Mexico,Germany,2324,2023-10-17,loss,2,2,0,loss,0.8782109022140503,0.12178909778594971
xgboost,4,United States,Ghana,2324,2023-10-17,win,4,0,4,win,0.4429131746292114,0.5570868253707886
xgboost,4,Argentina,Uruguay,2324,2023-11-16,loss,0,2,-2,win,0.09539522975683212,0.9046047702431679
xgboost,4,Colombia,Brazil,2324,2023-11-16,win,2,1,1,loss,0.9869292974472046,0.01307070255279541
xgboost,4,Jordan,Saudi Arabia,2324,2023-11-21,loss,0,2,-2,win,0.49563905596733093,0.5043609440326691
xgboost,4,Brazil,Argentina,2324,2023-11-21,loss,0,1,-1,loss,0.510968804359436,0.48903119564056396
xgboost,4,Paraguay,Colombia,2324,2023-11-21,loss,0,1,-1,loss,0.9888526201248169,0.011147379875183105
xgboost,4,Austria,Germany,2324,2023-11-21,win,2,0,2,loss,0.7628352642059326,0.23716473579406738
xgboost,4,Ghana,Cape Verde,2324,2024-01-14,loss,1,2,-1,win,0.04641338437795639,0.9535866156220436
xgboost,4,Egypt,Ghana,2324,2024-01-18,loss,2,2,0,win,0.03891842067241669,0.9610815793275833
xgboost,4,Iraq,Japan,2324,2024-01-19,win,2,1,1,loss,0.9793156385421753,0.020684361457824707
xgboost,4,Iraq,Japan,2324,2024-01-19,win,2,1,1,loss,0.9793156385421753,0.020684361457824707
xgboost,4,Jordan,"Korea, South",2324,2024-01-20,loss,2,2,0,loss,0.987101674079895,0.01289832592010498
xgboost,4,Jordan,"Korea, South",2324,2024-01-20,loss,2,2,0,loss,0.987101674079895,0.01289832592010498
xgboost,4,Morocco,DR Congo,2324,2024-01-21,loss,1,1,0,loss,0.8776523470878601,0.12234765291213989
xgboost,4,Cape Verde,Egypt,2324,2024-01-22,loss,2,2,0,win,0.4674690067768097,0.5325309932231903
xgboost,4,Australia,Uzbekistan,2324,2024-01-23,loss,1,1,0,loss,0.517236053943634,0.48276394605636597
xgboost,4,Australia,Uzbekistan,2324,2024-01-23,loss,1,1,0,loss,0.517236053943634,0.48276394605636597
xgboost,4,South Africa,Tunisia,2324,2024-01-24,loss,0,0,0,loss,0.9516137838363647,0.048386216163635254
xgboost,4,Egypt,DR Congo,2324,2024-01-28,loss,1,1,0,win,0.03853597119450569,0.9614640288054943
xgboost,4,Iraq,Jordan,2324,2024-01-29,loss,2,3,-1,win,0.40341833233833313,0.5965816676616669
xgboost,4,Iraq,Jordan,2324,2024-01-29,loss,2,3,-1,win,0.40341833233833313,0.5965816676616669
xgboost,4,Saudi Arabia,"Korea, South",2324,2024-01-30,loss,3,5,-2,loss,0.695260226726532,0.304739773273468
xgboost,4,Saudi Arabia,"Korea, South",2324,2024-01-30,loss,1,1,0,loss,0.695260226726532,0.304739773273468
xgboost,4,Morocco,South Africa,2324,2024-01-30,loss,0,2,-2,loss,0.8695856928825378,0.13041430711746216
xgboost,4,Australia,"Korea, South",2324,2024-02-02,loss,1,2,-1,loss,0.9714535474777222,0.028546452522277832
xgboost,4,Australia,"Korea, South",2324,2024-02-02,loss,1,2,-1,loss,0.9714535474777222,0.028546452522277832
xgboost,4,Iran,Japan,2324,2024-02-03,win,2,1,1,loss,0.8949386477470398,0.1050613522529602
xgboost,4,Qatar,Uzbekistan,2324,2024-02-03,win,4,3,1,loss,0.708952009677887,0.29104799032211304
xgboost,4,Qatar,Uzbekistan,2324,2024-02-03,loss,1,1,0,loss,0.708952009677887,0.29104799032211304
xgboost,4,Cape Verde,South Africa,2324,2024-02-03,loss,0,0,0,win,0.49915611743927,0.50084388256073
xgboost,4,Jordan,"Korea, South",2324,2024-02-06,win,2,0,2,loss,0.987101674079895,0.01289832592010498
xgboost,4,Jordan,"Korea, South",2324,2024-02-06,win,2,0,2,loss,0.987101674079895,0.01289832592010498
xgboost,4,Iran,Qatar,2324,2024-02-07,loss,2,3,-1,win,0.49838635325431824,0.5016136467456818
xgboost,4,Jordan,Qatar,2324,2024-02-10,loss,1,3,-2,win,0.11032211780548096,0.889677882194519
xgboost,4,Jordan,Qatar,2324,2024-02-10,loss,1,3,-2,win,0.11032211780548096,0.889677882194519
xgboost,4,South Africa,DR Congo,2324,2024-02-10,loss,0,0,0,loss,0.9583760499954224,0.04162395000457764
xgboost,4,Portugal,Sweden,2324,2024-03-21,win,5,2,3,loss,0.6616246700286865,0.3383753299713135
xgboost,4,Norway,Czech Republic,2324,2024-03-22,loss,1,2,-1,loss,0.951033890247345,0.04896610975265503
xgboost,4,Spain,Colombia,2324,2024-03-22,loss,0,1,-1,loss,0.9510856866836548,0.048914313316345215
xgboost,4,France,Germany,2324,2024-03-23,loss,0,2,-2,win,0.2547948360443115,0.7452051639556885
xgboost,4,Germany,Netherlands,2324,2024-03-26,win,2,1,1,loss,0.9894322156906128,0.010567784309387207
xgboost,4,Spain,Brazil,2324,2024-03-26,loss,3,3,0,loss,0.5246406197547913,0.47535938024520874
xgboost,4,Mexico,Uruguay,2324,2024-06-05,loss,0,4,-4,loss,0.7534840703010559,0.2465159296989441
xgboost,4,Senegal,DR Congo,2324,2024-06-06,loss,1,1,0,loss,0.5955591797828674,0.40444082021713257
xgboost,4,Netherlands,Canada,2324,2024-06-06,win,4,0,4,win,0.29336997866630554,0.7066300213336945
xgboost,4,Mexico,Brazil,2324,2024-06-08,loss,2,3,-1,loss,0.813815176486969,0.186184823513031
xgboost,4,Portugal,Croatia,2324,2024-06-08,loss,1,2,-1,loss,0.9012856483459473,0.09871435165405273
xgboost,4,Switzerland,Austria,2324,2024-06-08,loss,1,1,0,loss,0.961376965045929,0.038623034954071045
xgboost,4,United States,Colombia,2324,2024-06-08,loss,1,5,-4,loss,0.7994518280029297,0.2005481719970703
xgboost,4,Argentina,Ecuador,2324,2024-06-09,win,1,0,1,win,0.21803542971611023,0.7819645702838898
xgboost,4,France,Canada,2324,2024-06-09,loss,0,0,0,win,0.21205925941467285,0.7879407405853271
xgboost,4,Saudi Arabia,Jordan,2324,2024-06-11,loss,1,2,-1,win,0.06782646477222443,0.9321735352277756
xgboost,4,United States,Brazil,2324,2024-06-12,loss,1,1,0,loss,0.9638828635215759,0.03611713647842407
xgboost,4,Germany,Scotland,2324,2024-06-14,win,5,1,4,win,0.4089341163635254,0.5910658836364746
xgboost,4,Spain,Croatia,2324,2024-06-15,win,3,0,3,win,0.17779602110385895,0.822203978896141
xgboost,4,Spain,Croatia,2324,2024-06-15,win,3,0,3,win,0.17779602110385895,0.822203978896141
xgboost,4,Panama,Paraguay,2324,2024-06-16,loss,0,1,-1,loss,0.9878039360046387,0.012196063995361328
xgboost,4,Austria,France,2324,2024-06-17,loss,0,1,-1,win,0.341783732175827,0.658216267824173
xgboost,4,Austria,France,2324,2024-06-17,loss,0,1,-1,win,0.341783732175827,0.658216267824173
xgboost,4,Portugal,Czech Republic,2324,2024-06-18,win,2,1,1,loss,0.5517258048057556,0.4482741951942444
xgboost,4,Portugal,Czech Republic,2324,2024-06-18,win,2,1,1,loss,0.5517258048057556,0.4482741951942444
xgboost,4,Scotland,Switzerland,2324,2024-06-19,loss,1,1,0,loss,0.8756164908409119,0.12438350915908813
xgboost,4,Argentina,Canada,2324,2024-06-20,win,2,0,2,win,0.04738061502575874,0.9526193849742413
xgboost,4,Argentina,Canada,2324,2024-06-21,win,2,0,2,win,0.04738061502575874,0.9526193849742413
xgboost,4,Netherlands,France,2324,2024-06-21,loss,0,0,0,loss,0.6749314665794373,0.32506853342056274
xgboost,4,Netherlands,France,2324,2024-06-21,loss,0,0,0,loss,0.6749314665794373,0.32506853342056274
xgboost,4,Turkiye,Portugal,2324,2024-06-22,loss,0,3,-3,loss,0.9290710091590881,0.07092899084091187
xgboost,4,Türkiye,Portugal,2324,2024-06-22,loss,0,3,-3,win,0.3667999505996704,0.6332000494003296
xgboost,4,Uruguay,Panama,2324,2024-06-23,win,3,1,2,win,0.03817518427968025,0.9618248157203197
xgboost,4,Switzerland,Germany,2324,2024-06-23,loss,1,1,0,loss,0.5238457918167114,0.4761542081832886
xgboost,4,Switzerland,Germany,2324,2024-06-23,loss,1,1,0,loss,0.5238457918167114,0.4761542081832886
xgboost,4,Colombia,Paraguay,2324,2024-06-24,win,2,1,1,loss,0.6245181560516357,0.37548184394836426
xgboost,4,Colombia,Paraguay,2324,2024-06-24,win,2,1,1,loss,0.6245181560516357,0.37548184394836426
xgboost,4,Uruguay,Panama,2324,2024-06-24,win,3,1,2,win,0.03817518427968025,0.9618248157203197
xgboost,4,Netherlands,Austria,2324,2024-06-25,loss,2,3,-1,win,0.032322268933057785,0.9676777310669422
xgboost,4,Netherlands,Austria,2324,2024-06-25,loss,2,3,-1,win,0.032322268933057785,0.9676777310669422
xgboost,4,Czech Republic,Turkiye,2324,2024-06-26,loss,1,2,-1,loss,0.7350719571113586,0.26492804288864136
xgboost,4,Czech Republic,Türkiye,2324,2024-06-26,loss,1,2,-1,loss,0.8659471273422241,0.13405287265777588
xgboost,4,Panama,United States,2324,2024-06-27,win,2,1,1,loss,0.9937839508056641,0.0062160491943359375
xgboost,4,Panama,United States,2324,2024-06-27,win,2,1,1,loss,0.9937839508056641,0.0062160491943359375
xgboost,4,Paraguay,Brazil,2324,2024-06-28,loss,1,4,-3,loss,0.6131446957588196,0.3868553042411804
xgboost,4,Paraguay,Brazil,2324,2024-06-29,loss,1,4,-3,loss,0.6131446957588196,0.3868553042411804
xgboost,4,Mexico,Ecuador,2324,2024-06-30,loss,0,0,0,win,0.4273192286491394,0.5726807713508606
xgboost,4,United States,Uruguay,2324,2024-07-01,loss,0,1,-1,loss,0.874755322933197,0.12524467706680298
xgboost,4,Mexico,Ecuador,2324,2024-07-01,loss,0,0,0,win,0.4273192286491394,0.5726807713508606
xgboost,4,France,Belgium,2324,2024-07-01,win,1,0,1,win,0.24468082189559937,0.7553191781044006
xgboost,4,Brazil,Colombia,2324,2024-07-02,loss,1,1,0,win,0.3709830641746521,0.6290169358253479
xgboost,4,United States,Uruguay,2324,2024-07-02,loss,0,1,-1,loss,0.874755322933197,0.12524467706680298
xgboost,4,Austria,Turkiye,2324,2024-07-02,loss,1,2,-1,win,0.4116053283214569,0.5883946716785431
xgboost,4,Austria,Türkiye,2324,2024-07-02,loss,1,2,-1,win,0.46239686012268066,0.5376031398773193
xgboost,4,Brazil,Colombia,2324,2024-07-03,loss,1,1,0,win,0.3709830641746521,0.6290169358253479
xgboost,4,Argentina,Ecuador,2324,2024-07-04,loss,1,1,0,win,0.21803542971611023,0.7819645702838898
xgboost,4,Argentina,Ecuador,2324,2024-07-05,win,5,3,2,win,0.21803542971611023,0.7819645702838898
xgboost,4,Portugal,France,2324,2024-07-05,loss,3,5,-2,loss,0.7990801334381104,0.20091986656188965
xgboost,4,Spain,Germany,2324,2024-07-05,win,2,1,1,loss,0.9638446569442749,0.0361553430557251
xgboost,4,Portugal,France,2324,2024-07-05,loss,0,0,0,loss,0.7990801334381104,0.20091986656188965
xgboost,4,Spain,Germany,2324,2024-07-05,win,2,1,1,loss,0.9638446569442749,0.0361553430557251
xgboost,4,Colombia,Panama,2324,2024-07-06,win,5,0,5,win,0.02342255599796772,0.9765774440020323
xgboost,4,Uruguay,Brazil,2324,2024-07-06,loss,0,0,0,loss,0.6546630263328552,0.3453369736671448
xgboost,4,Colombia,Panama,2324,2024-07-06,win,5,0,5,win,0.02342255599796772,0.9765774440020323
xgboost,4,England,Switzerland,2324,2024-07-06,win,6,4,2,loss,0.5510361194610596,0.44896388053894043
xgboost,4,Netherlands,Turkiye,2324,2024-07-06,win,2,1,1,win,0.43017759919166565,0.5698224008083344
xgboost,4,Netherlands,Türkiye,2324,2024-07-06,win,2,1,1,loss,0.732979953289032,0.267020046710968
xgboost,4,Uruguay,Brazil,2324,2024-07-07,win,4,2,2,loss,0.6546630263328552,0.3453369736671448
xgboost,4,Argentina,Canada,2324,2024-07-09,win,2,0,2,win,0.04738061502575874,0.9526193849742413
xgboost,4,Spain,France,2324,2024-07-09,win,2,1,1,loss,0.7517647743225098,0.24823522567749023
xgboost,4,Spain,France,2324,2024-07-09,win,2,1,1,loss,0.7517647743225098,0.24823522567749023
xgboost,4,Uruguay,Colombia,2324,2024-07-10,loss,0,1,-1,win,0.3708479702472687,0.6291520297527313
xgboost,4,Argentina,Canada,2324,2024-07-10,win,2,0,2,win,0.04738061502575874,0.9526193849742413
xgboost,4,Netherlands,England,2324,2024-07-10,loss,1,2,-1,loss,0.8463767766952515,0.15362322330474854
xgboost,4,Uruguay,Colombia,2324,2024-07-11,loss,0,1,-1,win,0.3708479702472687,0.6291520297527313
xgboost,4,Canada,Uruguay,2324,2024-07-13,loss,2,2,0,win,0.3486579954624176,0.6513420045375824
xgboost,4,Argentina,Colombia,2324,2024-07-14,win,1,0,1,win,0.44465264678001404,0.555347353219986
xgboost,4,Canada,Uruguay,2324,2024-07-14,loss,5,6,-1,win,0.3486579954624176,0.6513420045375824
xgboost,4,Spain,England,2324,2024-07-14,win,2,1,1,loss,0.7947956323623657,0.20520436763763428
xgboost,4,Argentina,Colombia,2324,2024-07-15,win,1,0,1,win,0.44465264678001404,0.555347353219986
xgboost,4,Brazil,Ecuador,2425,2024-09-06,win,1,0,1,win,0.24988138675689697,0.750118613243103
xgboost,4,Uruguay,Paraguay,2425,2024-09-06,loss,0,0,0,loss,0.5055878758430481,0.4944121241569519
xgboost,4,Mexico,New Zealand,2425,2024-09-07,win,3,0,3,win,0.030457235872745514,0.9695427641272545
xgboost,4,United States,Canada,2425,2024-09-07,loss,1,2,-1,win,0.009601005353033543,0.9903989946469665
xgboost,4,Colombia,Argentina,2425,2024-09-10,win,2,1,1,loss,0.8615061044692993,0.13849389553070068
xgboost,4,Paraguay,Brazil,2425,2024-09-10,win,1,0,1,loss,0.6131446957588196,0.3868553042411804
xgboost,4,Mexico,Canada,2425,2024-09-10,loss,0,0,0,win,0.011744909919798374,0.9882550900802016
xgboost,4,United States,New Zealand,2425,2024-09-10,loss,1,1,0,loss,0.8680884838104248,0.1319115161895752
xgboost,4,Jordan,"Korea, South",2425,2024-10-10,loss,0,2,-2,loss,0.987101674079895,0.01289832592010498
xgboost,4,Saudi Arabia,Japan,2425,2024-10-10,loss,0,2,-2,loss,0.6083259582519531,0.3916740417480469
xgboost,4,Ecuador,Paraguay,2425,2024-10-10,loss,0,0,0,win,0.3329123258590698,0.6670876741409302
xgboost,4,United States,Panama,2425,2024-10-12,win,2,0,2,win,0.21881793439388275,0.7811820656061172
xgboost,4,Japan,Australia,2425,2024-10-15,loss,1,1,0,win,0.48941195011138916,0.5105880498886108
xgboost,4,"Korea, South",Iraq,2425,2024-10-15,win,3,2,1,win,0.45616614818573,0.54383385181427
xgboost,4,Uruguay,Ecuador,2425,2024-10-15,loss,0,0,0,win,0.28013700246810913,0.7198629975318909
xgboost,4,Canada,Panama,2425,2024-10-15,win,2,1,1,win,0.013613348826766014,0.986386651173234
xgboost,4,Mexico,United States,2425,2024-10-15,win,2,0,2,loss,0.5057854056358337,0.49421459436416626
xgboost,4,Australia,Saudi Arabia,2425,2024-11-14,loss,0,0,0,win,0.3343755602836609,0.6656244397163391
xgboost,4,Iraq,Jordan,2425,2024-11-14,loss,0,0,0,win,0.40341833233833313,0.5965816676616669
xgboost,4,Qatar,Uzbekistan,2425,2024-11-14,win,3,2,1,loss,0.708952009677887,0.29104799032211304
xgboost,4,Paraguay,Argentina,2425,2024-11-14,win,2,1,1,loss,0.6742578148841858,0.3257421851158142
xgboost,4,Uruguay,Colombia,2425,2024-11-15,win,3,2,1,win,0.3708479702472687,0.6291520297527313
xgboost,4,Brazil,Uruguay,2425,2024-11-19,loss,1,1,0,win,0.43050840497016907,0.5694915950298309
xgboost,4,Colombia,Ecuador,2425,2024-11-19,loss,0,1,-1,win,0.2815001904964447,0.7184998095035553
xgboost,4,Haiti,Saudi Arabia,2425,2025-06-15,loss,0,1,-1,loss,0.7226656675338745,0.2773343324661255
xgboost,4,Saudi Arabia,United States,2425,2025-06-19,loss,0,1,-1,loss,0.8467229008674622,0.15327709913253784
xgboost,4,Curacao,Canada,2425,2025-06-21,loss,1,1,0,win,0.038099706172943115,0.9619002938270569
xgboost,4,United States,Haiti,2425,2025-06-22,win,2,1,1,win,0.05239225551486015,0.9476077444851398
xgboost,4,Mexico,Saudi Arabia,2425,2025-06-28,win,2,0,2,win,0.19150209426879883,0.8084979057312012
xgboost,4,United States,Mexico,2425,2025-07-06,loss,1,2,-1,win,0.36753061413764954,0.6324693858623505
xgboost,4,Morocco,Mali,2526,2025-12-26,loss,1,1,0,loss,0.5538196563720703,0.4461803436279297
xgboost,4,Senegal,DR Congo,2526,2025-12-27,loss,1,1,0,loss,0.5955591797828674,0.40444082021713257
xgboost,4,Nigeria,Tunisia,2526,2025-12-27,win,3,2,1,loss,0.5498753786087036,0.4501246213912964
xgboost,4,Côte d'Ivoire,Cameroon,2526,2025-12-28,loss,1,1,0,loss,0.5573499202728271,0.44265007972717285
xgboost,4,Mali,Tunisia,2526,2026-01-03,win,3,2,1,loss,0.5498753786087036,0.4501246213912964
xgboost,4,Algeria,DR Congo,2526,2026-01-06,win,1,0,1,loss,0.9198194146156311,0.0801805853843689
xgboost,4,Mali,Senegal,2526,2026-01-09,loss,0,1,-1,loss,0.594301700592041,0.405698299407959
xgboost,4,Cameroon,Morocco,2526,2026-01-09,loss,0,2,-2,loss,0.5504596829414368,0.44954031705856323
xgboost,4,Egypt,Cote d'Ivoire,2526,2026-01-10,win,3,2,1,win,0.3055241107940674,0.6944758892059326
xgboost,4,Algeria,Nigeria,2526,2026-01-10,loss,0,2,-2,win,0.4723687171936035,0.5276312828063965
xgboost,4,Egypt,Côte d'Ivoire,2526,2026-01-10,win,3,2,1,win,0.47096318006515503,0.529036819934845
xgboost,4,Senegal,Egypt,2526,2026-01-14,win,1,0,1,loss,0.9249014258384705,0.07509857416152954
xgboost,4,Nigeria,Morocco,2526,2026-01-14,loss,2,4,-2,loss,0.5504596829414368,0.44954031705856323
xgboost,4,Egypt,Nigeria,2526,2026-01-17,loss,2,4,-2,win,0.47096318006515503,0.529036819934845
xgboost,4,Senegal,Morocco,2526,2026-01-18,loss,0,3,-3,win,0.09668784588575363,0.9033121541142464
xgboost,4,Colombia,Jordan,NANA,NA,win,3,0,3,win,0.13030686974525452,0.8696931302547455
xgboost,4,Mexico,Portugal,NANA,NA,loss,0,1,-1,loss,0.5782109498977661,0.4217890501022339
