nation,seasons_covered,latest_season,players_n,rows_n,minutes_total,matches_total,goals_total,xg_total,np_goals_total,np_xg_total,assists_total,xa_total,shots_total,key_passes_total,xgchain_total,xgbuildup_total,xg_plus_xa_total,npg_plus_xa_total,yellow_cards_total,red_cards_total,market_value_total,market_value_top5_sum,market_value_top3_sum,market_value_top1,market_value_hhi,caps_total,international_goals_total,top1_xg,top3_xg,top5_xg,top1_np_xg,top3_np_xg,top5_np_xg,top1_xg_share,top3_xg_share,top5_xg_share,top1_np_xg_share,top3_np_xg_share,top5_np_xg_share,xg_hhi,np_xg_hhi,players_over_1000_min,players_over_500_min,players_over_250_min,players_xg_gt_1,players_xg_gt_3,players_xg_gt_5,goalkeeper_minutes,defender_minutes,midfield_minutes,attack_minutes,age_mean,age_sd,age_min,age_max,market_value_mean,market_value_sd,caps_mean,caps_sd,international_goals_mean,international_goals_sd,xg_per90_weighted,xa_per90_weighted,shots_per90_weighted,key_passes_per90_weighted,xgchain_per90_weighted,xgbuildup_per90_weighted,goals_per90_weighted,assists_per90_weighted,minutes_per_player,goals_minus_xg,goals_minus_np_xg,xg_per90,np_xg_per90,xa_per90,shots_per90,key_passes_per90,xgchain_per90,xgbuildup_per90,goals_per90,assists_per90,xg_per_shot,np_xg_per_shot,attack_minutes_share,midfield_minutes_share,defender_minutes_share,goalkeeper_minutes_share,attack_depth_index
Algeria,5,2526,19.99999999999928,19.99999999999928,19594.00000000127,318.00000000001205,40.00000000000144,41.072645467708526,33.000000000001684,35.75436360296112,31.00000000000289,25.558938185687147,319.00000000002143,232.00000000001373,111.13495319616779,67.90395744983394,66.63158365339567,25.558938185687147,46.000000000000966,1.1571914090155381e-25,222399999.99998885,149999999.9999933,107999999.99999689,40000000,0.11246627697842065,492.00000000001353,54.00000000000048,7.915431183763558,18.476377620364104,25.31763544772072,7.157654506155208,16.60946686659184,22.279639019633,0.1927178318714984,0.44984630062093417,0.6164111213051847,0.20018967714369681,0.46454377012645637,0.6231306272722388,0.10027332687264158,0.10466469348648681,10.99999999999976,15.99999999999952,16.99999999999952,12.99999999999952,4.000000000000481,3,1.7282653693642904e-22,6120.000000000756,7373.0000000004075,6101.000000000108,27.771429470301985,4.265102869553754,20.386301369863244,34.47671232876712,12370521.68447609,12822570.104840884,29.406195774217718,29.59978662796525,3.3465856894969375,4.680305882941346,0.18865663428057214,0.1173984095494372,1.4652444625905916,1.0656323364295146,0.5104698268681459,0.31189936564686577,0.18372971317749917,0.14239052771256827,979.7000000001163,-1.0726454677070771,4.245636397040327,0.18865663428057217,0.16422847424039444,0.11739840954943724,1.4652444625905916,1.0656323364295146,0.5104698268681459,0.31189936564686577,0.1837297131774992,0.14239052771256827,0.1287543745069148,0.1120826445233815,0.3113708278044184,0.3762886597938116,0.31234051240177013,7.877953183354412e-27,0.8000000000000057
Argentina,5,2526,50.999999999999766,50.999999999999766,59127.00000000236,865.0000000000546,100.99999999999953,119.72512045223145,88.99999999999929,108.40322615671782,53.000000000005535,74.79673405364439,864.0000000000144,582.0000000000344,316.55842864794334,186.723909932205,194.52185450587584,74.79673405364439,133.00000000001276,6.9999999999995195,1006824999.9999849,395000000,265000000.00000003,90000000.00000001,0.04628265402264069,1143.0000000000293,223.99999999997596,14.574753515422442,38.238073589279765,55.99059561453578,14.574753515422442,32.15516510047022,46.29763608984558,0.12173513344876997,0.3193822102232604,0.4676595471614092,0.134449444284544,0.2966255363468956,0.4270872531313172,0.060758767143413904,0.057320128228800254,29.000000000000483,38,43.00000000000001,25.000000000000483,13.99999999999952,7.999999999999519,8729.0000000011,11296.00000000097,20099.000000000542,19002.99999999974,27.810696177325518,4.813840666235195,18.665753424658124,41.52876712328751,26181313.105687752,23255177.73887495,22.246317249312657,32.798888072973014,3.45331236152687,16.70697869917872,0.18223926193956194,0.11385164247852465,1.3151352174133384,0.8858896950631838,0.4818485392175103,0.2842212845890654,0.15373687148002865,0.08067380384596316,1159.3529411765232,-18.72512045223192,-7.403226156718296,0.18223926193956194,0.1650056717591673,0.11385164247852468,1.3151352174133386,0.8858896950631838,0.48184853921751025,0.2842212845890654,0.15373687148002865,0.08067380384596318,0.13857074126415467,0.12546669694064375,0.32139293385423123,0.3399293047169615,0.19104639166540577,0.1476313697634016,0.74509803921569
Australia,5,2526,6.000000000000721,6.000000000000721,5958.00000000026,94.00000000000361,1,2.048116197810612,1,2.048116197810612,2.000000000001684,1.5195378307266223,36.00000000001011,22.000000000008903,9.86368498020221,6.985888956116829,3.5676540285372345,1.5195378307266223,10.999999999998318,1,14450000.000000464,14400000.000000158,13500000,10000000,0.5108296117143931,182.00000000001035,24.00000000000072,0.6845558751381695,1.8149557812148203,2.048116197810562,0.6845558751381695,1.8149557812148203,2.048116197810562,0.3342368347409631,0.8861585993778038,0.9999999999999922,0.3342368347409631,0.8861585993778038,0.9999999999999922,0.2710371702764419,0.2710371702764419,2.0000000000002407,4,5.000000000000241,2.4054016390367067e-13,2.405401639036128e-13,6.695459785495222e-51,2.0598007080472113e-23,4046.9999999998327,1156.000000000483,754.999999999944,30.052373463560333,5.4345899798606965,22.50958904109574,36.66301369863014,3410775.4279955355,3791097.0268070763,24.47213830144761,27.681522116145278,2.0104061765700725,5.899152481500997,0.030938311145171846,0.022953743666561374,0.543806646525789,0.332326283988017,0.14899826254080528,0.1055270235062875,0.015105740181268312,0.030211480362558177,992.9999999999493,-1.0481161978106122,-1.0481161978106122,0.030938311145171878,0.030938311145171878,0.022953743666561412,0.543806646525789,0.332326283988017,0.14899826254080537,0.10552702350628758,0.015105740181268326,0.03021148036255819,0.056892116605827485,0.056892116605827485,0.12672037596507632,0.1940248405505818,0.679254783484342,7.194553643196721e-27,0.6666666666666132
Austria,5,2526,28.000000000000483,28.000000000000483,32789.00000000183,490.00000000004167,39.00000000000121,53.186173536815986,34.00000000000144,46.36618338618643,36.000000000000725,39.15732142050063,391.0000000000188,370.00000000002143,155.9432568093866,101.58436660934929,92.34349495731661,39.15732142050063,83.00000000000168,2.0000000000004814,289599999.9999972,128999999.99999881,86999999.99999928,32000000,0.06327025655505039,876.0000000000487,117.00000000001107,12.520178310571609,22.222746877929648,28.512466685845684,11.762401625512723,19.191640160045743,24.42510164808484,0.23540287781570104,0.41782939813384046,0.5360879489875165,0.25368492221029604,0.41391459806380476,0.5267869784460594,0.0948664697205637,0.09856274309494162,16.000000000000963,22.000000000000725,24.00000000000048,16,4.000000000000963,2,1.2509239131455835e-22,14595.000000000577,13437.000000000726,4757.000000000535,27.722704782801955,3.9325012991978627,22.038356164383146,39.13424657534247,12921848.790752504,9251763.738613913,29.536826374699427,28.342948881914456,3.703681112568321,7.170172638185715,0.14598663022090336,0.1074799148447606,1.0732257769373807,1.015584494800087,0.42803663157900457,0.2788311017365856,0.10704809539784466,0.09881362652108651,1171.0357142857565,-14.186173536814781,-7.366183386185218,0.14598663022090336,0.12726696467585324,0.1074799148447606,1.0732257769373807,1.015584494800087,0.4280366315790045,0.2788311017365856,0.10704809539784466,0.09881362652108651,0.13602601927573824,0.11858358922297751,0.14507914239532216,0.4098020677666284,0.44511878983804953,2.5997005551884677e-27,0.7857142857142971
Belgium,5,2526,48.99999999999928,48.99999999999928,50728.000000003805,780.0000000000592,51.00000000001131,55.65403791424949,44.00000000001203,50.38253187389243,45.000000000009386,59.407408681704034,513.0000000000877,513.0000000000347,213.40963737762223,141.26750238520475,115.06144659595353,59.407408681704034,82.00000000000986,4.000000000001203,715999999.9999804,212000000,145000000,65000000.00000001,0.037021745575981986,1274.9999999999857,232.99999999999977,5.790925524199324,13.10534145497259,19.4219547696487,5.790925524198591,13.105341454971676,18.56538924575517,0.10405220791205741,0.23547871719863386,0.34897656122583454,0.114939152694695,0.2601167699903188,0.3684886121289636,0.046411753057361706,0.04903981191182389,25.000000000000725,36.00000000000001,41,21.999999999999762,5.000000000000962,1.0000000000012028,8521.999999999422,11415.000000001086,22111.000000000786,8680.000000002508,27.414591385050233,4.250349452122888,20.704109589040915,37.25205479452055,17056875.88708412,13320607.979321985,27.337289071126182,34.32837128134611,2.5826565210545476,14.043875610986936,0.09873961938735885,0.1053987301165615,0.9101482416023374,0.9101482416022658,0.37862457348967776,0.2506322980339737,0.09048257372655166,0.07983756505283891,1035.2653061225478,-4.654037914238188,0.617468126118874,0.09873961938735888,0.08938708146683949,0.10539873011656149,0.9101482416023373,0.9101482416022657,0.37862457348967776,0.25063229803397374,0.09048257372655169,0.07983756505283891,0.10848740334159752,0.09821156310698441,0.17110865794041594,0.4358736792303923,0.22502365557483395,0.16799400725435798,0.7346938775510321
Bosnia-Herzegovina,5,2526,7.99999999999976,7.99999999999976,6807.000000000679,118.00000000001059,21.000000000001688,21.071510226933295,20.000000000001926,18.79818013450336,7.000000000000001,4.837778069080408,115.00000000001204,40.000000000006736,28.782783250795607,14.421790583061185,25.909288296013703,4.837778069080408,14.000000000001444,5.785957045079083e-26,60199999.999997586,53999999.99999868,47999999.9999988,22000000.000000004,0.2628392622598081,310.99999999996703,86.99999999998317,11.962231494487591,19.87794210435954,20.743382908871315,10.446678079665967,17.604612011929603,18.47005281644138,0.5676969218465219,0.943356308602502,0.9844279164365469,0.5557281611793601,0.9365061876185095,0.9825447295581716,0.40767484790444064,0.39329646309779936,3.000000000000481,5.000000000000241,6.000000000000241,3.0000000000002407,2.0000000000002407,1.9999999999997597,0,2753.9999999998686,659.0000000002985,3394.0000000005125,28.44710018494269,5.858167748790622,23.123287671232884,40.07671232876612,11378066.696047097,8447611.665858097,24.278977523138852,47.16062976678085,4.338475099162181,24.82186536100244,0.27860084037370547,0.06396357076791048,1.5204936095196173,0.5288673424416299,0.3805568521479765,0.19068035147280185,0.27765535478183834,0.09255178492727419,850.8750000001263,-0.07151022693160886,2.201819865498324,0.2786008403737055,0.24854358926180828,0.06396357076791051,1.520493609519617,0.5288673424416299,0.3805568521479765,0.19068035147280188,0.2776553547818384,0.09255178492727423,0.18323052371244514,0.16346243595218582,0.49860437784635275,0.09681210518586227,0.40458351696778505,0,0.6250000000000558
Brazil,5,2526,63.00000000000506,63.00000000000506,60605.00000001058,940.0000000001512,114.0000000000118,121.82620287874225,105.00000000001155,114.30384057947806,71.00000000000651,84.23468362075296,1017.0000000001083,691.0000000000847,326.7779076919468,193.0526880170572,206.06088649949524,84.23468362075296,134.00000000002262,7.000000000000242,1525300000.0000303,454999999.9999928,309999999.9999988,150000000.00000003,0.03313521668134971,1096.000000000025,137.99999999999807,9.973474495115132,26.472449300815335,38.91611576546573,9.20277534425465,22.756061187018442,35.19972765166884,0.08186641510153374,0.21729684316898337,0.31943961845547936,0.08051151472776127,0.199083959660962,0.3079487747149941,0.04100299436276847,0.03997249168945884,31.00000000000313,45.00000000000217,46.00000000000361,30.000000000001204,17.000000000000963,8.000000000000481,8293.000000002488,17366.000000001943,12211.000000003563,22735.000000002583,26.992049934846595,4.011939228462568,18.97260273972632,34.843835616439044,31450070.12622626,25451155.69409059,20.007326128206717,22.284480121274083,2.1830212028709512,4.42083462728952,0.18091507728875794,0.12509069426394917,1.510271429749961,1.0261529576767285,0.4852736852119514,0.28668825874980697,0.16929296262683902,0.10543684514478496,961.9841269841951,-7.826202878730468,-0.30384057946626036,0.18091507728875797,0.1697441737835408,0.12509069426394917,1.5102714297499613,1.0261529576767285,0.48527368521195136,0.28668825874980697,0.169292962626839,0.10543684514478496,0.11978977667524981,0.11239315691196226,0.3751340648461216,0.20148502598796847,0.28654401452024375,0.13683689464566623,0.7142857142856972
Canada,5,2526,10.000000000000481,10.000000000000481,6302.000000001576,120.00000000002886,18.00000000000313,21.036224352200186,18.000000000001446,20.274925516921353,7.000000000001685,10.073575655930561,94.0000000000267,72.00000000001012,38.99887572369629,15.848397526431476,31.109800008130748,10.073575655930561,12.000000000002405,1.0000000000004812,102650000.00000468,93000000.00000289,77000000.00000192,45000000.00000001,0.2584176412264346,339.0000000000265,46.000000000006736,10.766088856386249,17.809950415047926,20.932405347007563,10.004790021107596,17.048651579769093,20.171106511728734,0.5117880792738492,0.846632462026653,0.9950647510002824,0.49345631443912547,0.8408736971951258,0.9948794383927339,0.3324374487328132,0.31940411894318527,3.0000000000007216,4.000000000000963,5.000000000000962,4.000000000000722,3,1.0000000000002407,9.617027436696839e-36,566.0000000011145,3386.0000000000095,2350.0000000004516,27.032407194063534,3.958036381917454,18.169863013699715,33.83835616438357,12801674.071722578,13618819.699224876,50.782926055220294,27.4163373840415,6.348460806093834,4.788875998952421,0.3004221186444916,0.14386255300437986,1.3424309742938973,1.0282450015867426,0.5569499865331271,0.22633382694038906,0.25706125039668987,0.099968264043160407,630.2000000001061,-3.0362243521970584,-2.2749255169182256,0.30042211864449164,0.289549872504373,0.14386255300437986,1.3424309742938973,1.0282450015867426,0.5569499865331272,0.22633382694038917,0.25706125039668987,0.09996826404316045,0.22378962076803302,0.21569069698847937,0.3728974928593992,0.5372897492858758,0.08981275785472503,1.1946617933784895e-39,0.4000000000000642
Cape Verde,4,2425,2,2,3517.999999999953,60.999999999995666,2.9999999999997593,3.3781963065265592,2.9999999999997593,3.3781963065265592,1.9999999999997595,1.3378026746212874,25.000000000003364,12.000000000000963,15.119219653306725,11.705891741438466,4.715998981147846,1.3378026746212874,5.000000000000481,0.9999999999997594,18799999.999999996,18799999.999999996,18799999.999999996,18000000,0.9185151652331374,45.00000000000121,4.9999999999995195,2.3823100291190777,3.3781963065265592,3.3781963065265592,2.3823100291190777,3.3781963065265592,3.3781963065265592,0.7052017742475539,1,1,0.7052017742475539,1,1,0.5842155363086983,0.5842155363086983,1,2,2,1.0000000000002405,5.785957045076298e-26,0,0,2596.0000000000114,0,921.999999999942,25.011921468455913,0.06393020213513376,24.945205479452078,25.035616438356836,13492211.48379785,12162236.63640862,24.165434906197042,4.949747468304982,1.3104036384307591,3.5355339059323976,0.0864234416109704,0.03422462783283602,0.6395679363275589,0.30699260943721063,0.38679072450188046,0.29946852095778004,0.07674815235928957,0.05116543490619085,1758.9999999999766,-0.37819630652679953,-0.37819630652679953,0.08642344161097046,0.08642344161097046,0.034224627832836065,0.6395679363275589,0.30699260943721063,0.3867907245018805,0.29946852095778004,0.07674815235928963,0.0511654349061909,0.13512785226105217,0.13512785226105217,0.2620807276861716,0,0.7379192723138284,0,1
Colombia,5,2526,17.00000000000072,17.00000000000072,19250.000000001317,304.00000000002433,38.00000000000121,44.22775007784439,36.00000000000169,41.96187483891972,23.00000000000024,28.414757248947012,316.00000000002336,213.00000000001734,101.76435503690351,47.732128843671596,72.6425073267914,28.414757248947012,53.00000000000144,1.0000000000009621,195600000.0000079,151000000.0000024,122000000,70000000,0.18298633327895858,586.0000000000267,63.00000000000843,12.380147904157635,25.886717572807633,33.07229535840408,12.380147904157635,25.143439963459514,31.567718928679742,0.27991810305447584,0.5853048714267627,0.7477725025621752,0.2950332403326047,0.5991972489308096,0.7522952453830959,0.14999145683859358,0.1561378151981779,9.99999999999976,12.99999999999976,15.000000000000481,10.000000000000242,5,2.0000000000002407,1865.999999999833,11241.00000000086,1528.0000000004025,4615.000000000221,31.02929514321282,5.056214443012176,20.5095890410959,37.88493150684932,15520623.376623645,17230767.19810484,37.02441558441669,30.112534032897944,4.2918961038962395,5.405607110704657,0.20677909127302693,0.132848215709354,1.477402597402604,0.995844155844166,0.47578140017250253,0.2231631997885759,0.17766233766233258,0.10753246753246265,1132.3529411764953,-6.227750077843185,-3.9618748389185106,0.20677909127302693,0.1961853888572752,0.13284821570935407,1.4774025974026037,0.995844155844166,0.47578140017250253,0.22316319978857588,0.1776623376623326,0.10753246753246269,0.13996123442354974,0.1327907431611299,0.23974025974025592,0.07937662337663545,0.5839480519480558,0.09693506493505302,0.7647058823529016
Cote d'Ivoire,5,2526,31.000000000001688,31.000000000001688,30222.000000004617,481.00000000006787,42.00000000000482,51.97757119173747,41.00000000000457,50.45617724070851,42.000000000004334,40.12259089574716,392.0000000000614,310.00000000003564,138.80840020256136,71.32050682326094,92.10016208748462,40.12259089574716,55.00000000000963,4.000000000000241,427850000.0000063,230000000,160000000,75000000.00000001,0.08217252381854386,550.0000000000467,68.00000000000264,6.9876491092152175,17.960208492355566,26.10514829960009,6.9876491092152175,17.96020849235502,25.645790387878595,0.1344358527919447,0.3455376632760125,0.5022387099101282,0.13848946732289372,0.3559565840010701,0.5082785060297326,0.07035428257246151,0.07173758796011317,15.000000000001924,22.000000000001926,24.000000000002164,17.00000000000024,6.000000000000962,2.0000000000009623,1.1295766096912397e-9,16273.000000001659,2368.0000000002183,11581.000000001613,26.546210825281282,4.536327426340215,19.413698630136988,36.19178082191781,19099877.572628,17451955.400808744,18.833664218119228,14.621827842727567,2.576864535768451,3.198117725983032,0.1547872876466064,0.11948359409095138,1.1673615247170963,0.9231685527099249,0.41336629006117054,0.2123898356856751,0.12507444907682852,0.12507444907682763,974.9032258065299,-9.977571191732654,-8.456177240703703,0.1547872876466064,0.15025663264056507,0.1194835940909514,1.1673615247170963,0.9231685527099249,0.41336629006117054,0.21238983568567513,0.12507444907682852,0.12507444907682763,0.13259584487686304,0.1287147378589328,0.383197670571104,0.0783535173052714,0.5384488121236017,2.2858519703968013e-14,0.709677419354858
Croatia,5,2526,27.99999999999952,27.99999999999952,34011.00000000079,499.0000000000147,62.99999999999928,57.54327907692828,50.9999999999988,46.99633444938978,32.000000000000725,39.934222321027015,422.000000000021,357.00000000001785,152.45450226590813,99.9826577641111,97.4775013979553,39.934222321027015,61.99999999999832,2.0000000000004814,346999999.99997103,218999999.9999803,164999999.99998847,70000000,0.1007109103140218,1021.0000000000106,136.99999999999906,12.283620797099703,27.570988625291125,36.548671321946344,8.567232664676002,20.06571714207806,27.018454442735113,0.2134675151320074,0.4791348193493083,0.635151001267847,0.1822957633834587,0.4269634510258775,0.5749055699616518,0.1047551083844718,0.08853850043782935,18.99999999999952,21.99999999999952,22.00000000000024,14.999999999999039,6,3,1529.9999999999568,11424.000000000235,17925.00000000038,3132.000000000223,28.504988998321938,4.906970918097164,18.802739726028054,40.59452054794521,13647496.398223724,17025230.26594479,42.99606009820586,43.57495215174029,6.577754255976241,8.45177730909545,0.15227118040996795,0.10567404689342703,1.1166975390315166,0.9446943635882739,0.40342551539006144,0.2645743788412507,0.1667107700449802,0.08467848637205606,1214.6785714286243,5.456720923071004,16.0036655506095,0.15227118040996795,0.12436182706903583,0.10567404689342705,1.1166975390315166,0.9446943635882739,0.40342551539006144,0.2645743788412507,0.1667107700449802,0.08467848637205606,0.13635848122494218,0.11136572144404636,0.09208785392961504,0.5270353709094107,0.33589132927582166,0.04498544588515269,0.7857142857142818
Czech Republic,5,2526,12.00000000000024,12.00000000000024,12350.00000000124,191.00000000002117,24.000000000005052,28.346547486262832,22.000000000005294,26.830994116144876,11.999999999998558,14.01922927610548,153.00000000003152,108.00000000000313,57.52043670788804,31.369526843541504,42.36577676236831,14.01922927610548,20.00000000000481,1.9999999999997597,107824999.9999934,73999999.99999689,51999999.999998085,20000000,0.12349708786204715,408.00000000000676,71.99999999999737,10.162958677858992,21.59197376668601,24.872146323325463,8.647405307741032,20.07642039656805,23.356592953207503,0.35852544944967646,0.7617144125629366,0.8774312404492587,0.3222916478721749,0.7482548097048565,0.8705079227442116,0.22600093916117325,0.2126534423386129,7.000000000000242,8.000000000000481,8.000000000000723,6,3.0000000000002407,2.0000000000002407,1.1040793523178901e-10,5236.99999999956,5729.000000000857,1384.000000000714,29.218771005490723,4.391799285598927,20.22191780822002,33.775342465753475,9147831.983804978,6515387.889915576,38.91117408907034,25.676306729604438,6.577975708502083,7.5075719352955,0.206574030264244,0.10216442387444623,1.1149797570851032,0.7870445344129159,0.4191772715554212,0.22860383934562795,0.1748987854251148,0.087449392712537,1029.1666666667434,-4.346547486257782,-2.8309941161398227,0.206574030264244,0.19552951177755482,0.10216442387444627,1.1149797570851032,0.7870445344129158,0.4191772715554212,0.22860383934562795,0.17489878542511483,0.08744939271253702,0.18527155219776884,0.17536597461529907,0.11206477732796807,0.4638866396761294,0.42404858299589626,6.3068625175248405e-15,0.6666666666666914
DR Congo,5,2526,11.999999999999039,11.999999999999039,9342.000000001011,168.00000000000844,9.000000000005294,14.555247490299093,9.000000000005294,14.555247490299093,2.0000000000031273,4.363002424130136,106.00000000002285,60.00000000001059,34.011058089331534,19.87834230717512,18.91824991442923,4.363002424130136,22.00000000000024,1.0000000000007216,116399999.99999031,98999999.9999935,81999999.99999568,30000000,0.18436544207085132,363.9999999999656,43.00000000000001,3.7923307791393017,8.545919811358312,12.265849296008547,3.7923307791393017,8.545919811358312,12.265849296008547,0.2605473236827621,0.5871366884728467,0.8427097721411518,0.2605473236827621,0.5871366884728467,0.8427097721411518,0.1605879133715967,0.1605879133715967,2.0000000000009623,6.000000000000241,10.999999999999039,5,1.0000000000004812,4.810803278072256e-13,0,3668.000000000776,3492.999999999491,2181.000000000744,26.751287894118335,3.9529098574058583,21.323287671232908,35.00821917808219,14763369.728109416,11155430.801346734,25.199529008776192,28.782359917563806,2.0132733889962107,6.1711695271915845,0.14022396426104536,0.04203277865249761,1.0211946050097096,0.5780346820809522,0.32765951916499475,0.19150618793037472,0.08670520231216741,0.019267822736050166,778.5000000002199,-5.555247490293801,-5.555247490293801,0.14022396426104541,0.14022396426104541,0.04203277865249767,1.0211946050097096,0.5780346820809521,0.3276595191649948,0.19150618793037472,0.08670520231216744,0.01926782273605018,0.1373136555688223,0.1373136555688223,0.23346178548494437,0.37390280453857716,0.39263540997647844,0,0.5000000000000903
Ecuador,5,2526,6.99999999999976,6.99999999999976,6532.000000001409,102.0000000000166,6,4.234699755908201,6,4.234699755908201,4.000000000000722,5.4931590277718705,53.000000000013955,46.00000000001371,40.47215935961117,35.51550455764482,9.727858783680071,5.4931590277718705,12.000000000005052,1.999999999999519,276999999.9999931,260999999.9999966,230000000,110000000.00000001,0.26215642064931194,225.9999999999976,14.99999999999976,1.2985489182179553,2.9368949644278226,3.766659956426576,1.2985489182179553,2.9368949644278226,3.766659956426576,0.30664486104502175,0.6935308602056517,0.8894750923418617,0.30664486104502175,0.6935308602056517,0.8894750923418617,0.2024530591047037,0.2024530591047037,3.000000000000481,4.000000000000481,6,2.0000000000002407,2.4054016390355495e-13,0,0,3796.000000000965,2456.0000000002224,280.0000000002208,24.48377807044789,2.9413492556945555,18.945205479453268,28.22739726027397,64563227.18922019,39059173.66789945,45.12155541947309,21.46869259886936,2.7545927740355234,1.3451854182691036,0.0583470572614277,0.07568651446713703,0.7302510716472934,0.6338028169014361,0.5576384480043313,0.4893440615718675,0.08266993263930472,0.055113288426208384,933.1428571431292,1.765300244091799,1.765300244091799,0.05834705726142777,0.05834705726142777,0.07568651446713709,0.7302510716472934,0.6338028169014361,0.5576384480043313,0.4893440615718675,0.08266993263930475,0.05511328842620841,0.07989999539447305,0.07989999539447305,0.042865890998175844,0.37599510104100403,0.5811390079608202,0,0.5714285714286745
Egypt,5,2526,5.999999999999279,5.999999999999279,4873.000000000291,84.00000000000026,9.000000000009623,14.264835476882642,8.000000000007217,13.50366663933351,11.00000000000385,9.543957522142131,135.00000000002768,77.00000000001252,24.85849069246277,7.44441179186468,23.80879299902477,9.543957522142131,4.000000000000481,5.785957045076299e-26,94000000,94000000,94000000,60000000,0.5110909913988231,278.9999999999856,89.99999999999976,7.080513298516467,12.704527780421339,14.264835476882642,6.3193444609677,11.943358942872207,13.50366663933351,0.4963613712888685,0.8906185985116539,1,0.46797248701031474,0.8844530350062797,1,0.33451528612255893,0.31735552429036,2.0000000000002407,3.9999999999997593,3.9999999999997593,3.9999999999997593,1.0000000000004812,1.0000000000004812,0.9999999999997595,0,41.9999999999899,4830.000000000301,31.664328182408397,3.4493058925386206,27.18082191780822,36.03287671232824,26859044.162130713,28023799.4093116,61.188590190853546,40.15843622453328,27.988508105892848,25.187298386291182,0.2634588945042573,0.17626845413353046,2.49333059716836,1.4221218961626458,0.45911433661427115,0.13749170147090586,0.16622203981133912,0.20316027088040842,812.1666666669587,-5.26483547687302,-4.503666639323888,0.2634588945042573,0.24940077930224905,0.1762684541335305,2.49333059716836,1.4221218961626458,0.45911433661427115,0.13749170147090595,0.16622203981133915,0.20316027088040844,0.10566544797687176,0.1000271602913295,0.9911758670223704,0.008618920582801129,0,2.0521239482859828e-4,0.6666666666667469
England,5,2526,141.99999999999858,141.99999999999858,160211.00000001068,2466.000000000151,262.00000000002217,288.4790050960413,225.00000000002285,256.5519047254029,162.00000000002743,193.02487007530968,2226.0000000002024,1599.000000000158,751.8053956367808,448.33448621541197,481.50387517135096,193.02487007530968,277.0000000000291,14.999999999999279,3348849999.9999986,570000000,380000000.00000006,140000000,0.014893293439926448,2235.000000000021,324.00000000000625,24.527553543448526,48.78734271042385,69.54674505070383,16.949786461890003,38.9740981943926,53.84815688524818,0.08502370401368844,0.16911921439198582,0.24108078515991288,0.06606766954247499,0.15191506075976566,0.20989186162107928,0.024859231242637128,0.02133180116845455,76.00000000000266,102.00000000000072,116.00000000000048,63.00000000000289,30.000000000002167,18.000000000001688,8910.000000001628,66206.00000000137,44954.000000003885,40141.00000000381,27.48089841795109,5.077434760620155,16.28493150684989,40.273972602739725,30216676.871556245,24998241.356583256,18.841265581014607,20.813143548277495,2.646865695863598,7.063407046813977,0.16205572937340032,0.10843349274879056,1.250475934860926,0.8982529289499698,0.4223335826335601,0.25185601337850866,0.14718090518129423,0.0910049871731727,1128.2464788733303,-26.479005096019147,5.448095274619287,0.16205572937340032,0.14412038764681911,0.10843349274879059,1.250475934860926,0.8982529289499698,0.4223335826335601,0.25185601337850866,0.14718090518129423,0.09100498717317271,0.129595240384553,0.11525242799882243,0.2505508360849186,0.28059246868193005,0.4132425364051009,0.055614158828050576,0.7183098591549426
France,5,2526,204.99999999999497,204.99999999999497,219204.00000000864,3363.000000000117,327.00000000002336,365.648696390473,284.0000000000255,323.98607002341174,227.00000000001563,257.2174021043066,2825.0000000001705,2224.000000000072,1022.2974770451873,621.6465084595225,622.8660984947795,257.2174021043066,350.0000000000226,19.000000000001446,3483399999.9999847,620000000,440000000.00000006,200000000,0.014626803593103836,2145.9999999999636,340.99999999998676,21.647808451207535,46.211222302174754,66.43238373101752,14.958309490235703,37.238216679549225,55.71782882139952,0.059203844195002756,0.12638147697052243,0.1816836334624144,0.046169606888205386,0.11493770913316613,0.17197600136750402,0.016470561299930714,0.015243017002355207,106.00000000000193,144.99999999999952,169.99999999999594,93,36.00000000000169,19.000000000000963,13867.000000000455,77745.00000000543,74930.00000000016,52662.0000000026,26.006403392798944,4.662581145780554,16.389041095890825,39.536986301369666,22978601.211657215,24080352.367808666,12.074291527527336,18.4466698071149,1.950931552343952,6.598341892786051,0.15012674346791627,0.10560740766312011,1.159878469371018,0.9131220233207368,0.4197312682891854,0.25523341618471573,0.13425849893250494,0.093200853999017,1069.2878048781251,-38.64869639044964,3.0139299766115757,0.1501267434679163,0.1330210502641636,0.10560740766312011,1.159878469371018,0.9131220233207368,0.4197312682891854,0.25523341618471573,0.13425849893250494,0.093200853999017,0.12943316686387613,0.11468533452155419,0.24024196638747677,0.34182770387400596,0.35466962281711123,0.0632607069214062,0.7073170731707485
Germany,5,2526,145.9999999999993,145.9999999999993,161753.00000001292,2450.0000000001905,242.000000000013,259.92038356886775,219.00000000001518,238.685675604285,160.00000000002092,184.77491621116522,1950.0000000001505,1527.0000000001455,736.5102902665686,460.7600254030569,444.695299780033,184.77491621116522,278.0000000000195,13.000000000002165,1983099999.9999955,425000000,305000000,120000000,0.01963326786246743,1998.0000000000664,259.00000000001705,13.348218422383622,32.59280807711461,48.01648489013793,13.348218422383258,30.316085824745272,45.73976263776837,0.05135502740917953,0.1253953523367233,0.18473535715376174,0.05592383534784599,0.12701258987575775,0.19163178737881076,0.018186814870493975,0.01836288637274195,83.00000000000361,110.00000000000193,122.00000000000146,72.00000000000217,28.000000000000483,14.000000000000723,23111.00000000062,58275.000000007596,50037.00000000151,30330.00000000322,27.42310800443355,4.568479132520602,17.28493150684958,40.04931506849316,16051699.813913811,18620579.492405113,14.024259210031103,19.582805062943454,1.284272934659889,4.105119676436827,0.1446207150482301,0.1028094839601329,1.084987604557564,0.8496287549535502,0.40979719772730777,0.2563686749937947,0.13464974374509017,0.08902462396370113,1107.8972602740687,-17.920383568854763,3.3143243957280077,0.1446207150482301,0.13280564072619364,0.1028094839601329,1.084987604557564,0.8496287549535502,0.4097971977273077,0.2563686749937947,0.13464974374509017,0.08902462396370114,0.13329250439428156,0.12240291056629085,0.18750811422354202,0.309342021477179,0.3602715251031029,0.14287833919617612,0.7534246575342639
Ghana,5,2526,22.99999999999928,22.99999999999928,23756.00000000123,365.00000000001785,31.00000000000337,35.673100343908025,29.00000000000361,32.63520927634409,16.000000000002647,17.628708217295312,298.00000000003416,172.0000000000159,84.08740332723758,50.22569714766633,53.30180856120334,17.628708217295312,54.00000000000096,1.0000000000004812,250999999.99999905,178000000.00000194,148000000.0000005,75000000.00000001,0.15655910223647462,389.00000000005485,41.000000000015156,11.11862588115119,21.021253845655757,25.320699483158368,9.596288183705212,18.741139478052048,23.040585115554478,0.31168095214493863,0.5892746535344427,0.7097981178830276,0.29404708584666844,0.5742613543353838,0.7060039027313842,0.1586712944198709,0.14880806941425737,11.000000000000481,18.000000000000004,19.99999999999976,10.000000000000242,3.000000000000481,2,0,10658.999999999633,4555.000000000155,8542.00000000144,26.12154495360405,2.918697623945391,21.37260273972586,32.83561643835701,16209029.297861923,17995209.06816938,18.06141606331466,15.198424091391495,1.9878346522994732,4.0334569172816,0.13514813230137832,0.06678665345834625,1.1289779424146065,0.6516248526688213,0.31856652211866,0.19028088665135867,0.11744401414380076,0.06061626536454516,1032.86956521749,-4.673100343904657,-1.6352092763407167,0.13514813230137834,0.12363903160762724,0.06678665345834629,1.1289779424146067,0.6516248526688213,0.31856652211866,0.19028088665135867,0.11744401414380078,0.06061626536454517,0.11970839041578661,0.10951412508839102,0.35957231857218486,0.1917410338440787,0.4486866475837365,0,0.7826086956522023
Haiti,5,2526,3.0000000000002407,3.0000000000002407,4371.000000000475,67.0000000000077,2.0000000000009623,3.780535330065077,2.0000000000009623,3.0204401658854576,3.000000000002165,3.4722115919007965,50.00000000000145,32.000000000009386,16.01295734104,11.469587993808538,7.252746921965874,3.4722115919007965,13,0.9999999999997595,21300000.00000048,21300000.00000048,21300000.00000005,16000000,0.598404196698164,61.00000000000313,1.0000000000002407,2.718604555353761,3.780535330065065,3.780535330065077,1.9585093911741418,3.0204401658854456,3.0204401658854576,0.7191057133453641,0.999999999999998,1,0.6484185362433755,0.999999999999998,1,0.5714457238668117,0.505565770228835,3,3.0000000000002407,3.0000000000002407,1.0000000000002407,2.4054016390355495e-13,0,0,2008.0000000001487,1030.0000000001596,1333.0000000001662,27.725529721106994,2.645140331530726,24.553424657534247,29.794520547945204,5664584.763212196,7754353.615872606,26.06268588423573,26.57693235370243,0.4593914436055714,0.5773502691896258,0.07784218249961514,0.07149371843308372,1.0295126973232105,0.6588881262869748,0.32971085808589057,0.2361617294538272,0.041180507892941226,0.061770761839422116,1457.0000000000312,-1.780535330064115,-1.0204401658844957,0.07784218249961519,0.06219163004567657,0.07149371843308376,1.0295126973232107,0.6588881262869748,0.3297108580858905,0.2361617294538272,0.041180507892941254,0.061770761839422116,0.07561070660129855,0.06040880331770617,0.30496453900709564,0.23564401738733307,0.4593914436055714,0,1
Iran,4,2425,1.0000000000002405,1.0000000000002405,781.0000000001078,26.000000000003848,1.0000000000007216,3.3251225762068106,9.62160655614451e-13,2.5638237334788565,1.9999999999995188,1.829333458095952,14.000000000002645,15.000000000000723,6.38820210099216,2.2920178603383135,5.154456034302763,1.829333458095952,1.0000000000019242,0,2500000.000001804,2500000.000001804,2500000.000001804,2500000.000001323,0.999999999999923,101.00000000001276,55.000000000000966,3.3251225762067382,3.3251225762068106,3.3251225762068106,2.5638237334787837,2.5638237334788565,2.5638237334788565,0.9999999999999746,1,1,0.9999999999999746,1,1,0.9999999999999547,0.9999999999999547,0,1.0000000000002405,1.0000000000002405,1,0.9999999999997594,0,0,0,1.6861865489639737e-10,780.9999999999392,33.73972602739685,0.9337684069367536,33.739726027396664,33.73972602739699,2500000.0000005,4242640.687119286,100.99999999999376,19.79898987322333,54.99999999999294,38.890872965260115,0.3831767373349429,0.21080667250783072,1.6133162612036374,1.7285531370037426,0.7361564520989057,0.26412497750374236,0.11523687580029875,0.23047375160045666,780.99999999996,-2.325122576206089,-1.5638237334781346,0.3831767373349429,0.2954470371486229,0.21080667250783083,1.6133162612036374,1.7285531370037426,0.7361564520989058,0.2641249775037425,0.11523687580029882,0.23047375160045672,0.23750875544332198,0.18313026667703955,0.9999999999998628,1.3719988193360348e-13,0,0,1
Iraq,2,2425,2,2,106,13,0,0.5323996320366859,0,0.5323996320366859,0,0.0784954708069562,4,2,0.6907828329131007,0.2454970953986048,0.6108951028436422,0.0784954708069562,3,0,2550000,2550000,2550000,2000000,0.6616685890042291,50,6,0.5323996320366859,0.5323996320366859,0.5323996320366859,0.5323996320366859,0.5323996320366859,0.5323996320366859,1,1,1,1,1,1,1,1,0,0,0,0,0,0,0,0,5.7061957294452275e-37,106,23.97787542000517,1.3367224082704594,22.23013698630137,24.12054794520548,1890566.0377358492,1025304.832720494,17.358490566037737,12.727922061357855,3.8490566037735845,1.4142135623730951,0.4520374234273748,0.06664709785496284,3.3962264150943398,1.6981132075471699,0.586513726058293,0.2084409300554192,0,0,53,-0.5323996320366859,-0.5323996320366859,0.4520374234273749,0.4520374234273749,0.06664709785496281,3.3962264150943393,1.6981132075471697,0.5865137260582931,0.20844093005541917,0,0,0.13309990800917149,0.13309990800917149,1,1.3917550559622504e-38,0,0,0
Japan,5,2526,21.999999999999762,21.999999999999762,21226.000000003063,320.00000000004667,24.000000000010584,29.836355366753185,24.000000000010104,29.83635536675282,24,29.253694173883986,283.000000000058,224.00000000003539,93.1687622722462,50.379236758698106,59.09004954063717,29.253694173883986,32.000000000001926,7.216204917107227e-13,241299999.9999949,120000000,80000000,30000000,0.07395343876560516,558.000000000028,93.0000000000065,3.5307871922866707,10.43649702147101,17.100937284536045,3.5307871922866707,10.43649702147101,17.10093728453568,0.11833842132812064,0.34979128292256867,0.5731577156233635,0.11833842132812147,0.34979128292257106,0.5731577156233617,0.08605635170734706,0.08605635170734703,9.000000000000963,14.000000000000483,17,10.99999999999976,5.000000000000722,1.443240983421619e-12,1014.0000000005545,3329.000000000683,8621.999999999081,8261.000000002743,26.552071961370963,3.236675229973946,18.945205479452806,33.175342465753424,14655934.921009116,8755963.953894839,26.962545934233635,23.52414252178561,4.916093470272855,6.36906076787899,0.126508620701368,0.12403808893098954,1.1999434655611498,0.9497785734476667,0.3950432773250093,0.21361214116093624,0.10176199001226802,0.10176199001223997,964.8181818183388,-5.836355366742601,-5.836355366742237,0.12650862070136806,0.1265086207013671,0.12403808893098955,1.1999434655611498,0.9497785734476667,0.3950432773250093,0.21361214116093624,0.10176199001226802,0.10176199001223997,0.10542881755033819,0.10542881755033749,0.3891924997644855,0.4061999434654974,0.15683595590314364,0.047771600866873425,0.6363636363636667
Jordan,3,2526,1,1,1602.0000000000227,24.00000000000048,3,2.5810093572369768,3,2.5810093572369768,4.999999999999038,3.3201724747197394,41.999999999999766,24.999999999999282,10.005926258862463,4.915096767246461,5.901181831956716,3.3201724747197394,4,0,8000000,8000000,8000000,8000000,1,70,21.000000000000004,2.5810093572369768,2.5810093572369768,2.5810093572369768,2.5810093572369768,2.5810093572369768,2.5810093572369768,1,1,1,1,1,1,1,1,1,1,1,1,2.405401639036128e-13,2.4054016390355495e-13,0,0,0,1602.0000000000227,28.84383561643836,NA,28.84383561643836,28.84383561643836,8000000,NA,70,NA,21.000000000000004,NA,0.1450005256874666,0.18652654352357786,2.3595505617977084,1.4044943820224152,0.5621306887001294,0.2761290318677758,0.16853932584269438,0.2808988764044396,1602.0000000000227,0.4189906427630234,0.4189906427630234,0.14500052568746666,0.14500052568746666,0.1865265435235779,2.3595505617977084,1.4044943820224152,0.5621306887001295,0.2761290318677758,0.1685393258426944,0.28089887640443956,0.06145260374373828,0.06145260374373828,1,0,0,0,1
"Korea, South",5,2526,8.000000000000242,8.000000000000242,8478.00000000091,141.00000000001734,11.00000000000385,13.188579876910124,10.00000000000385,12.427411039362639,8.00000000000385,11.089730754498232,117.00000000001612,88.00000000002287,40.25374543667979,23.722273269675295,24.278310631408356,11.089730754498232,11.000000000000723,0.9999999999997595,76500000.0000025,70500000.00000265,61000000.00000217,28000000.000000004,0.26233499935921467,338.0000000000515,50.00000000001347,3.010040548631237,7.899817115629917,11.999165081421884,3.0100405486309834,7.865606334994082,11.237996243874399,0.22823083127401883,0.5989892156213167,0.9098147938148614,0.24220978441099641,0.6329239702525529,0.904291023148671,0.17404448322570917,0.17571129736089577,6,7.000000000000001,8,5,1.0000000000004812,4.810803278072835e-13,0,1050.0000000003072,6253.000000000222,1175.0000000003809,28.234927790542812,3.480120126319349,22.709589041095757,33.67671232876716,9721337.57961858,10715267.812132144,52.727883934895516,37.82572820562531,8.074663835812293,6.777062153219837,0.14000615580581988,0.11772537955940876,1.242038216560536,0.9341825902336444,0.4273221383935594,0.25182880328738166,0.1167728237792128,0.08492569002125334,1059.7500000000728,-2.188579876906273,-1.427411039358788,0.1400061558058199,0.13192580721189875,0.11772537955940882,1.242038216560536,0.9341825902336444,0.4273221383935594,0.25182880328738166,0.11677282377921283,0.08492569002125339,0.11272290493083668,0.1062171883706029,0.1385940080207804,0.7375560273649079,0.1238499646143117,0,0.8749999999999767
Mexico,5,2526,6.000000000001443,6.000000000001443,7274.000000001754,95.00000000003175,9.00000000000385,16.58811973128713,6.0000000000038485,14.30461320374388,3.0000000000014433,2.700182206930291,115.00000000001805,42.00000000000867,28.024859287782398,15.803099326793514,19.28830193821742,2.700182206930291,11.000000000006015,7.216204917107806e-13,55800000.000008084,55000000.00000289,43000000.00000193,20000000,0.24076001079120443,217.00000000005943,51.00000000000217,10.750260040164875,15.283540927806522,16.588119731286902,8.466753512621805,13.00003440026327,14.304613203743653,0.648069836383499,0.9213546306264153,0.9999999999999916,0.5918897206116713,0.9088001342714478,0.9999999999999905,0.468709845638951,0.4158434653861489,3.000000000000481,4.000000000000722,5.000000000001443,3.000000000000481,2,1,7.577015162973258e-11,2504.0000000010314,2193.0000000004975,2577.000000000149,29.853166278092953,4.798671758012312,20.690410958904575,34.942465753424976,8059609.568325468,6792643.079096609,51.84905141600269,47.275434071687584,12.60461919164065,17.547079529082826,0.20524206431338343,0.03340890825180453,1.4228759967005176,0.5196590596645496,0.3467469529694565,0.19552913657012083,0.11135551278527296,0.03711850426175863,1212.3333333333337,-7.588119731283282,-5.304613203740031,0.20524206431338352,0.17698861538860214,0.033408908251804585,1.4228759967005176,0.5196590596645496,0.3467469529694565,0.1955291365701208,0.11135551278527296,0.037118504261758646,0.14424451940247468,0.12438794090210109,0.35427550178715483,0.30148474017046806,0.34423975804237195,5.202921900001853e-15,0.6666666666666466
Morocco,5,2526,32.99999999999952,32.99999999999952,24263.00000000381,458.0000000000484,44.00000000000265,47.05694172531942,42.00000000000169,44.77665630728491,33.000000000002885,33.20654116757687,424.00000000003246,266.0000000000472,120.75344779623782,66.74043250085154,80.26348289289629,33.20654116757687,72.0000000000029,5.000000000000241,444449999.9999927,201999999.9999988,147000000,80000000,0.06826789032332643,659.9999999999887,75.99999999999231,6.7651511356247065,17.46364600770429,25.429236568514014,6.765151135624341,15.943455709146805,23.148951150480052,0.14376521056370545,0.3711173180280792,0.5403928864937574,0.15108656370403528,0.3560662412961976,0.5169870432400656,0.07617970973818892,0.07332279234771512,9.000000000002407,22.000000000000963,26.99999999999976,15.000000000000242,5.000000000000722,2.0000000000007216,2.030158983348248e-10,7268.000000002225,6189.000000000793,10806.000000000588,25.736924422382863,4.10163826326471,19.99452054794518,39.19178082191727,16328755.718584113,15308717.993055811,22.01524955693862,23.830127989584796,2.3810328483698013,4.179450087068956,0.17455074620937813,0.12317473952443912,1.5727651156080513,0.9866875489428469,0.44791700538514084,0.24756373593849199,0.16321147426121124,0.12240860569591046,735.2424242425585,-3.0569417253167703,-0.7766563072822602,0.17455074620937813,0.16609236564543078,0.12317473952443914,1.5727651156080513,0.9866875489428469,0.4479170053851408,0.24756373593849199,0.16321147426121124,0.12240860569591046,0.11098335312574363,0.10560532147943665,0.44536949264309156,0.2550797510612823,0.29955075629562117,5.064003450606918e-15,0.666666666666708
Netherlands,5,2526,64.99999999999712,64.99999999999712,72235.00000000432,1072.0000000000598,87.0000000000094,99.391420900366,85.00000000000819,97.12906770362493,60.00000000000505,72.64571672771505,851.000000000034,620.0000000000273,319.9937339797934,212.4243390308889,172.03713762808104,72.64571672771505,139.00000000000603,6.9999999999995195,1349699999.9999359,350000000,225000000,90000000.00000001,0.028481172667522512,1255.999999999993,135.9999999999971,7.535395007582946,19.289390586320767,28.33257639408704,7.535395007582946,17.984577979896418,26.827999889855707,0.07581534642850353,0.19407500578602835,0.2850605830707246,0.07758125539283066,0.18516164527361764,0.27620979511217675,0.03510766275702969,0.03458234919271324,32.000000000001684,48.99999999999928,57.9999999999976,31.000000000000725,13.000000000000723,3.0000000000016835,5505.000000001498,35661.000000001855,18639.000000001382,12429.999999999596,27.102381439574994,4.126034876556522,19.19452054794558,36.098630136986515,27567225.029417016,19307490.699606802,23.56845019727358,22.60469233112099,2.3516439399183486,3.5607367431259074,0.12383509214414525,0.09051172569383224,1.0602893334256078,0.7724787153042055,0.3986908847259563,0.26466658147406,0.1083962068249505,0.07475600470686102,1111.3076923078347,-12.391420900356609,-10.129067703615538,0.12383509214414525,0.12101635070707636,0.09051172569383226,1.0602893334256078,0.7724787153042055,0.3986908847259563,0.26466658147406,0.10839620682495052,0.07475600470686102,0.11679367908385567,0.11413521469285583,0.17207724787151768,0.25803280957984653,0.4936803488613522,0.07620959368728367,0.7538461538461813
New Zealand,5,2526,1.0000000000004812,1.0000000000004812,560.0000000012486,8.0000000000178,2.000000000004811,2.067298755054254,2.000000000004089,2.0672987550537045,1.6837811473250584e-12,0.17429565265908717,16.00000000002213,3.000000000012989,2.1495288610514405,0.16340264305613125,2.241594407713341,0.17429565265908717,1.6837811473253476e-12,3.347729892747611e-51,6000000.000000866,6000000.000000866,6000000.000000866,6000000.000000001,0.9999999999998779,88.00000000001323,45.000000000000725,2.0672987550529704,2.067298755054254,2.067298755054254,2.067298755052421,2.0672987550537045,2.0672987550537045,0.9999999999999389,1,1,0.9999999999999314,1,1,0.9999999999999039,0.9999999999998956,4.810803278072256e-13,1.0000000000004812,1.0000000000004812,1.0000000000004812,4.810803278071678e-13,2.405401639036128e-13,2.887192565493073e-23,6.559530269651051e-10,4.177460986549607e-23,560.0000000005926,34.3506849315058,5.703328542581916,34.350684931504276,34.35068493150685,5999999.999999608,2705549.851693646,87.99999999999365,35.725807665233305,44.999999999995005,25.11971337415893,0.3322444427758446,0.028011801320009886,2.57142857142836,0.48214285714295574,0.34545999552523654,0.026261139062382626,0.32142857142857695,2.6350252696793215e-14,560.0000000003264,-0.06729875504944281,-0.06729875504889353,0.3322444427758446,0.33224444277583604,0.028011801320009976,2.5714285714283593,0.48214285714295574,0.34545999552523654,0.026261139062382637,0.32142857142857695,2.6350252696793228e-14,0.12920617219062225,0.12920617219061717,0.9999999999998861,8.470115544505078e-27,1.1405895095898513e-13,5.853999524519613e-27,1
Norway,5,2526,27.99999999999952,27.99999999999952,31892.000000001262,486.00000000002166,53.000000000005535,68.50089772325458,45.00000000000626,60.89350405056552,41.99999999999736,42.211892774328646,482.00000000000944,329.0000000000101,152.71765480936196,76.93129143957235,110.71279049758323,42.211892774328646,58.000000000001926,3.9999999999995195,548649999.9999886,372000000,310000000,200000000,0.16885472405783,831.9999999999842,144.99999999999807,22.830121539533412,37.3994816429958,46.308896085252975,19.785446099937232,33.738544940952956,41.61870276742244,0.3332820780213416,0.5459706790134379,0.6760334188953493,0.3249188301515366,0.554058194991313,0.6834670366951137,0.15336740982326377,0.1513420781645763,16.000000000000483,21.000000000000004,25.99999999999928,11.99999999999952,5.99999999999976,3.000000000000481,360.0000000006769,13275.999999998716,8820.0000000007185,9436.000000001153,26.859806298312005,4.35451846375936,19.230136986301794,37.94520547945206,29977274.865169838,38527292.729348935,33.133607174213786,20.76831122943712,7.3895020694845295,11.408423046246092,0.19331120014714176,0.11912298851403012,1.3602157280822544,0.9284460052677718,0.43097293781644397,0.21710197634395,0.14956728960241647,0.1185250219490677,1139.0000000000696,-15.500897723249041,-7.89350405055998,0.1933112001471418,0.17184295009879105,0.11912298851403012,1.3602157280822542,0.9284460052677718,0.4309729378164439,0.21710197634395,0.1495672896024165,0.1185250219490677,0.14211804506898965,0.1263350706443237,0.29587357330994196,0.27655838454785897,0.4162799448136977,0.011288097328501482,0.7500000000000139
Panama,5,2526,1.0000000000002407,1.0000000000002407,978.0000000010119,16.000000000011305,2,1.0468609929088464,2,1.0468609929088464,1.0000000000009621,1.9396317675728323,9.000000000004812,11.0000000000178,9.44912246615049,7.076627906414645,2.986492760481679,1.9396317675728323,4.000000000000963,2.4054016390355495e-13,8000000,8000000,8000000,8000000,1,90.00000000002478,9.000000000002165,1.0468609929086545,1.0468609929088464,1.0468609929088464,1.0468609929086545,1.0468609929088464,1.0468609929088464,0.9999999999999256,1,1,0.9999999999999256,1,1,0.9999999999998972,0.9999999999998972,4.810803278071099e-13,1.0000000000002407,1.0000000000002407,1,3.347729892747611e-51,0,0,978.0000000010119,7.087144182946691e-48,4.050753170224609e-49,30.169863013699256,3.442544521009577,30.169863013698635,30.169863013699803,8000000,1852025.9177452135,90.00000000000168,9.192388155425117,9.000000000000002,2.087632583943376e-38,0.09633690118788431,0.17849372094211147,0.8282208588956275,1.0122699386504184,0.8695511471913286,0.6512234269703397,0.18404907975456528,0.09202453987729933,978.0000000003884,0.9531390070911536,0.9531390070911536,0.09633690118788434,0.09633690118788434,0.1784937209421115,0.8282208588956276,1.0122699386504181,0.8695511471913286,0.6512234269703397,0.18404907975456533,0.09202453987729936,0.1163178881009354,0.1163178881009354,7.236072115442315e-53,1.2660136089579655e-51,1,0,1
Paraguay,5,2526,4.000000000000722,4.000000000000722,5975.000000000346,89.00000000001059,8.000000000000963,14.563266421667691,7.0000000000012035,13.81998881231939,5.9999999999995195,7.757841124198718,107.00000000000962,46.00000000000241,25.464369006453804,8.83532477729013,22.321107545866408,7.757841124198718,11.000000000000963,5.785957045076299e-26,39000000.00000479,39000000.000004575,39000000.00000192,22000000.000000004,0.46877054569357196,136.00000000002694,14.000000000002647,6.053465339354496,13.299939618444794,14.563266421667574,5.310187730006377,12.556662009096572,13.819988812319274,0.41566673053154307,0.913252510347308,0.9999999999999907,0.3842396547580938,0.9085869879940295,0.99999999999999,0.311938465934977,0.30217106690128476,3.0000000000002407,4,4,4.000000000000241,1.9999999999997597,0.9999999999997595,1775.9999999999427,2181.0000000001974,1348.9999999999566,669.0000000002492,30.391410786954708,6.472512719530181,22.22191780821918,38.04383561643836,15177661.347939491,10148891.565091694,32.25154811715529,7.57187779440329,2.781924686192592,2.8867513459482432,0.2193630088619314,0.11685451065738285,1.6117154811715901,0.6928870292886999,0.38356371725200933,0.13308438995080774,0.12050209205021524,0.09037656903764682,1493.7499999998954,-6.563266421666729,-5.819988812318427,0.21936300886193144,0.2081671954993634,0.11685451065738289,1.61171548117159,0.6928870292886999,0.38356371725200933,0.13308438995080776,0.1205020920502153,0.09037656903764686,0.1361052936604382,0.12915877394690312,0.11196652719668114,0.22577405857738947,0.36502092050210166,0.29723849372382777,0.999999999999897
Portugal,5,2526,65.00000000000506,65.00000000000506,60010.00000000644,953.0000000001215,100.00000000000169,107.57389949635522,91.99999999999976,99.98430801556202,88.00000000000651,82.46343675070518,928.0000000000732,658.0000000000866,303.4118061112607,184.2753383815543,190.0373362470604,82.46343675070518,117.00000000001565,7.000000000001685,978450000.000017,420000000.00000006,295000000.00000006,110000000.00000001,0.05403268845688968,1090.0000000000489,164.0000000000029,9.78115815948851,25.51637180429213,39.57840547897277,7.668997213245959,20.65249401144977,32.74659073539434,0.09092501252889616,0.23719853908574284,0.36791829304573687,0.07670200819964769,0.2065573530621924,0.327517301317895,0.043830439650079114,0.03997925387847691,30.000000000001926,42.00000000000121,47.000000000002885,28.000000000000966,13.000000000000723,6,3466.000000000585,22872.00000000448,18885.000000000884,14787.00000000049,26.311915822248988,3.879567946875352,18.57534246575343,35.57260273972626,23366737.210464288,24044324.104340963,24.02817863689358,23.126533213206198,3.702282952841063,5.285911972840058,0.16133396025114172,0.12367454270226025,1.3917680386601963,0.9868355274121148,0.45504186885536446,0.27636694641456344,0.149975004165963,0.13197800366605264,923.2307692307899,-7.5738994963535315,0.015691984439673057,0.16133396025114174,0.14995147011164348,0.12367454270226023,1.3917680386601963,0.9868355274121148,0.4550418688553645,0.27636694641456344,0.149975004165963,0.13197800366605264,0.11592015031933915,0.10774171122365774,0.24640893184467993,0.3146975504082522,0.3811364772538144,0.05775704049325358,0.6461538461538222
Qatar,3,2526,1,1,31,8,0,0.1210436820983886,0,0.1210436820983886,1.391755055963255e-38,5.040657090124009e-39,1,9.742285391740442e-38,0.1867151726037264,0.1867151726037264,0.1210436820983886,5.040657090124009e-39,5.567020223849338e-38,3.3477298927484156e-51,2000000,2000000,2000000,2000000,1,2,5.567020223850342e-37,0.1210436820983886,0.1210436820983886,0.1210436820983886,0.1210436820983886,0.1210436820983886,0.1210436820983886,1,1,1,1,1,1,1,1,3.3477298927484156e-51,1.3917550559629202e-38,2.783510111925171e-38,0,0,0,0,4.036089662290527e-36,31,1.0674761279234802e-35,35.02465753424657,15.08752770378073,35.02465753424657,35.02465753424657,2000000,NA,2,83.43860018001313,4.039644760352906e-37,28.2842712474619,0.3514171415759671,4.2919502186475715e-40,2.903225806451613,8.295228810372957e-39,0.5420763075592057,0.5420763075592057,0,1.1850326871962733e-39,31,-0.1210436820983886,-0.1210436820983886,0.3514171415759669,0.3514171415759669,4.29195021864758e-40,2.903225806451613,8.295228810372957e-39,0.5420763075592057,0.5420763075592057,0,1.185032687196274e-39,0.1210436820983886,0.1210436820983886,1.0099111900882267e-38,1,3.81843865874222e-39,0,6.958775279814601e-39
Saudi Arabia,2,2526,1,1,803.9999999998566,17.999999999996636,0.9999999999997595,0.29746808484189863,0.9999999999997595,0.29746808484189863,1.9999999999997597,1.035684056579909,4.999999999999038,7.999999999998558,4.105485530569438,2.8698429856444285,1.3331521414218075,1.035684056579909,0.9999999999997595,0,5000000,5000000,5000000,5000000,1,48,1,0.29746808484189863,0.29746808484189863,0.29746808484189863,0.29746808484189863,0.29746808484189863,0.29746808484189863,1,1,1,1,1,1,1,1,0,0.9999999999997595,0.9999999999997595,0,0,0,0,803.9999999998566,0,0,26.73972602739726,NA,26.73972602739726,26.73972602739726,5000000,NA,48,NA,1,NA,0.033298666213646445,0.11593478245300406,0.5597014925372829,0.8955223880596943,0.4595692758101003,0.3212510804826433,0.11194029850743567,0.22388059701497554,803.9999999998566,0.7025319151578608,0.7025319151578608,0.03329866621364652,0.03329866621364652,0.11593478245300412,0.559701492537283,0.8955223880596943,0.4595692758101003,0.3212510804826434,0.11194029850743577,0.22388059701497562,0.05949361696838261,0.05949361696838261,0,0,1,0,0.9999999999997595
Scotland,5,2526,16.00000000000072,16.00000000000072,13421.000000002143,255.00000000003874,22.00000000000433,24.127364486461232,22.000000000004093,24.127364486460866,9.00000000000433,14.81107953191187,230.00000000003178,140.0000000000327,61.252475009315525,33.58708658861878,38.938444018373104,14.81107953191187,25.000000000005052,9.621606556144512e-13,183749999.9999972,113999999.99999855,83000000.00000001,45000000.00000001,0.11219214216298934,498.0000000000265,63.00000000000241,6.2482318691917165,15.329240953551928,19.236748693514294,6.248231869191559,15.329240953551745,19.23674869351411,0.25896868564729136,0.6353466812404773,0.7973000409683848,0.25896868564728953,0.6353466812404776,0.7973000409683866,0.1585576519169742,0.15855765191697452,6.000000000000481,12,13.000000000000242,6.000000000000962,3.000000000000481,1.0000000000007216,38.00000000001131,3192.0000000005643,7186.000000000722,3005.0000000008445,27.943945340210476,4.09170158510004,19.635616438357335,35.230136986301375,15128380.895611018,10576100.711037101,38.22718128306675,30.41244262907281,6.545935474256866,6.180277771535161,0.1617959022264445,0.09932174635808082,1.542358989643077,0.9388272110871443,0.4107535020369052,0.225231934503769,0.1475299903136908,0.06035317785561108,838.812500000081,-2.127364486456902,-2.1273644864565355,0.16179590222644452,0.16179590222644305,0.09932174635808083,1.542358989643077,0.9388272110871443,0.4107535020369052,0.22523193450376905,0.14752999031369082,0.060353177855611104,0.10490158472372686,0.10490158472372585,0.22390283883467846,0.5354295507041015,0.23783622680873506,0.002831383652485147,0.7499999999999716
Senegal,5,2526,35.9999999999976,35.9999999999976,36104.00000000083,544.0000000000142,48.00000000000601,56.50593162328541,41.000000000006494,50.436619468039225,36.00000000000048,31.3563255621154,426.0000000000277,294.00000000000625,149.0043156445133,89.87218301557428,87.86225718540081,31.3563255621154,66.00000000000458,4.000000000000241,491199999.9999921,200000000,130000000.00000001,50000000,0.0625321621449578,742.999999999988,84.99999999999689,8.347075961531528,18.433676108721624,26.956174306576507,6.824738241733807,15.941747101028099,22.888871533801826,0.1477203493817214,0.3262255055206413,0.4770503473208376,0.13531315765637766,0.31607485333408003,0.45381454536827404,0.06826220134283303,0.06412274005503539,16.99999999999976,25.999999999998558,29.999999999998316,15.000000000000481,7.000000000000481,2.0000000000007216,3785.999999999826,6659.999999999837,15778.000000000398,9880.000000000764,26.157160820036022,4.285885107315562,18.219178082191785,36.54794520547945,17978897.85355537,15588620.072269918,26.042959228896205,26.110920296500282,2.9736594283184186,3.704458917712055,0.14085790621802402,0.07816500389403669,1.0619321958786139,0.732882783071127,0.37143774673182567,0.22403325037119107,0.11965433192999127,0.08974074894748427,1002.8888888890135,-8.505931623279398,-2.436619468033207,0.14085790621802405,0.12572833348447235,0.07816500389403672,1.0619321958786139,0.7328827830711269,0.37143774673182567,0.2240332503711911,0.11965433192999128,0.08974074894748428,0.13264303197953375,0.11839582034750092,0.2736538887658014,0.4370152891646365,0.1844670950587113,0.10486372701085094,0.7222222222222336
South Africa,2,2526,1,1,1170,21,3,3.2930330969393253,3,3.2930330969393253,1,0.8452617973089218,17,9,4.493907934054732,1.150099268183112,4.138294894248247,0.8452617973089218,4,5.785957045077691e-26,10000000,10000000,10000000,10000000,1,25,10,3.2930330969393253,3.2930330969393253,3.2930330969393253,3.2930330969393253,3.2930330969393253,3.2930330969393253,1,1,1,1,1,1,1,1,1,1,1,1,1,5.785957045077691e-26,0,0,0,1170,25.610958904109587,NA,25.610958904109587,25.610958904109587,10000000,NA,25,NA,10,NA,0.2533102382261019,0.0650201382545324,1.3076923076923077,0.6923076923076923,0.3456852256965179,0.088469174475624,0.23076923076923073,0.0769230769230769,1170,-0.29303309693932533,-0.29303309693932533,0.25331023822610194,0.25331023822610194,0.06502013825453244,1.3076923076923077,0.6923076923076923,0.34568522569651783,0.08846917447562398,0.23076923076923078,0.07692307692307693,0.19370782923172503,0.19370782923172503,1,0,0,0,1
Spain,5,2526,202.00000000000267,202.00000000000267,226380.00000001883,3531.0000000002965,304.00000000002285,345.8028076119011,268.0000000000224,311.32980623424373,223.00000000003007,272.09899715383125,2784.0000000002537,2424.0000000001864,1073.0436741929566,678.0935497913263,617.9018047657323,272.09899715383125,462.00000000004553,27.000000000001442,3082100000.0000763,610000000,450000000,200000000,0.016778888124927956,2355.00000000014,310.00000000001927,19.269277423619254,44.625689242033744,65.82130172848592,13.941095478833033,37.06767446175249,54.35590695683019,0.05572331108787837,0.12904952840093373,0.19034345667418393,0.04477918657214574,0.11906240173439542,0.17459268553276128,0.016400619115774805,0.01480064531288575,112.00000000000554,151.0000000000036,176.00000000000145,89.00000000000458,33.00000000000265,16.000000000001204,21255.00000000074,84707.00000000662,73280.00000000758,47138.00000000388,26.854684812904193,4.831777447999268,17.616438356164647,40.6082191780822,19232421.592013508,23643489.35098668,12.677749801219402,16.0089264112606,1.496059722590359,4.135910823147466,0.13747792510411105,0.10817611866703221,1.1068115557911542,0.9636893718526328,0.42660098364412863,0.26958397155762,0.12085873310363036,0.08865624171746962,1120.6930693070053,-41.802807611878215,-7.329806234220846,0.13747792510411108,0.12377278275942973,0.10817611866703221,1.1068115557911544,0.9636893718526328,0.4266009836441286,0.26958397155762,0.12085873310363036,0.08865624171746961,0.12421077859621846,0.11182823499792283,0.20822510822510812,0.3237035073769817,0.3741805813234371,0.09389080307447317,0.7475247524752553
Sweden,5,2526,34.000000000000725,34.000000000000725,25701.00000000372,458.0000000000563,35.000000000013706,39.41968853586547,33.00000000001299,37.89735086077031,23.000000000006256,26.1181668322601,320.00000000005895,214.00000000005772,105.95002217314149,60.56853866671665,65.53785536812556,26.1181668322601,32.00000000000986,3.9999999999995195,503649999.9999881,276999999.9999928,204999999.999994,100000000,0.086217125457703,545.0000000000164,65.99999999999687,9.229129385206283,15.548657866199973,19.93824831210759,7.70679171011131,14.026320191104999,18.41591063701262,0.23412486825736845,0.39443888177992237,0.5057941615638701,0.20335964216666957,0.37011347422766705,0.4859418988063171,0.08933743699524288,0.07870741293057935,10.000000000001924,19.000000000000963,23.000000000001442,14.000000000000963,2.0000000000019242,1.0000000000012028,181.00000000063338,9993.999999999882,7362.000000002042,8164.000000001165,26.054404684429517,4.4542042839833575,17.9095890410961,36.20821917808221,21403447.336679492,20896162.141550567,18.79518306680718,16.93747019519797,2.511380880121388,4.044758497270958,0.13804023066134355,0.09146083867954426,1.1205789657990237,0.7493871833781371,0.37101676960355423,0.2120994700596684,0.1225633243842841,0.08054161316680924,755.9117647059682,-4.419688535851752,-2.8973508607565988,0.13804023066134358,0.13270929448148547,0.09146083867954428,1.1205789657990237,0.7493871833781373,0.37101676960355423,0.2120994700596684,0.1225633243842841,0.08054161316680924,0.12318652667455149,0.11842922143988038,0.3176530096105206,0.2864479981323921,0.3888564647289608,0.007042527528126495,0.5588235294117799
Switzerland,5,2526,38.99999999999928,38.99999999999928,44640.00000000078,644.0000000000135,37.00000000000265,35.83865830396007,35.000000000001684,34.33760401327726,38,36.680200196802964,368.0000000000238,328.0000000000036,153.15897073691448,111.12601560820919,72.51885850076303,36.680200196802964,80.00000000000024,3.0000000000002407,373699999.99998546,164999999.99999714,110000000.00000001,40000000,0.05411212710709317,1302,111.00000000000145,5.423134101556425,12.75546741299635,17.50860983692506,5.423134101556425,12.715442838149942,16.522442357618093,0.15132079040349797,0.35591364232479034,0.488539768660649,0.15793571675703275,0.3703066420485557,0.4811763322574601,0.0698459228025528,0.07093509746564623,19.99999999999952,29.999999999998558,34.99999999999856,12.000000000001203,2.0000000000009623,1.0000000000002407,6570.0000000001655,18532.99999999948,14091.000000001148,5445.999999999986,28.563217091373623,4.423220423346485,19.630136986301537,37.32328767123288,11079115.14336907,10229006.017329553,44.23467741935671,38.06477539019615,3.5162186379930382,4.955265469220142,0.07225535948378842,0.07395201652581117,0.7419354838710006,0.6612903225806412,0.3087882474534494,0.22404438630686832,0.07459677419355215,0.07661290322580519,1144.615384615429,1.16134169604258,2.662395986725394,0.07225535948378843,0.06922904034934742,0.07395201652581118,0.7419354838710006,0.6612903225806412,0.3087882474534494,0.22404438630686832,0.07459677419355215,0.0766129032258052,0.09738765843466546,0.09330870655781062,0.1219982078853024,0.3156586021505566,0.4151657706093014,0.1471774193548398,0.7692307692307446
Tunisia,5,2526,6.9999999999995195,6.9999999999995195,5566.999999999955,93.0000000000024,2.000000000002165,2.6773467916083074,2.000000000002165,2.6773467916083074,4.000000000000722,4.135650508106421,40.00000000000962,46.00000000000505,16.989296602089098,13.401131284424778,6.81299729971473,4.135650508106421,11.000000000000963,1.9999999999997597,36499999.999993265,36499999.999993265,28999999.99999507,15999999.999997595,0.279414524301068,312.9999999999738,27.99999999999832,0.5994856329645121,1.617121100427543,2.3989181104135926,0.5994856329645121,1.617121100427543,2.3989181104135926,0.2239103409551,0.6040013589183281,0.8960057464099902,0.2239103409551,0.6040013589183281,0.8960057464099902,0.17263049067169395,0.17263049067169395,2,4.999999999999519,5,9.621606556142778e-13,2.4054016390355495e-13,1.391755055961916e-38,0,3049.999999999714,1929.0000000001648,588.0000000000765,28.184674857465335,3.7468837546615754,22.01095890411062,32.31506849315068,7562375.844258338,5142956.348248875,54.10131129872398,25.01808869407935,3.890425723010742,2.309401076758657,0.04328385328628623,0.06685980702884549,0.646667864199915,0.7436680438298015,0.2746608036982295,0.2166520236389878,0.032333393210023896,0.06466678641998742,795.285714285782,-0.6773467916061425,-0.6773467916061425,0.04328385328628628,0.04328385328628628,0.06685980702884553,0.646667864199915,0.7436680438298015,0.2746608036982295,0.2166520236389878,0.03233339321002391,0.06466678641998747,0.06693366979017575,0.06693366979017575,0.10562241781930737,0.3465061972337321,0.5478713849469605,0,0.7142857142856869
Türkiye,5,2526,17.99999999999904,17.99999999999904,18677.999999999298,288.99999999999665,35.99999999999736,33.353984120300396,29.999999999998078,27.267115618101474,22.00000000000024,27.07741807028686,308.99999999998875,246.9999999999952,97.24014296009881,62.73383778240354,60.43140219058726,27.07741807028686,31.000000000001446,2,346749999.9999902,258000000,210000000.00000003,90000000.00000001,0.1477043241678275,392.999999999993,54.999999999997364,7.772409824653773,17.380006210877518,23.20717211626379,6.249812124296702,13.926315365358814,17.946427725255408,0.23302792843638542,0.5210773665955964,0.6957841088057344,0.22920693966426353,0.5107366529121888,0.6581711089874721,0.12400795030621888,0.12008206424933923,6.99999999999976,12.999999999999279,13.99999999999976,10.999999999999279,4,1.999999999999519,2609.999999999459,6385.999999999288,6141.000000000484,3541.0000000000673,25.478066643491296,4.181769261218831,20.42191780821918,34.279452054795115,29651287.611092784,25529174.807265267,27.067244887034374,24.99705865049917,3.835903201627805,5.1389198020622695,0.160716274270647,0.13047262160434372,1.4889174429810494,1.1901702537745198,0.4685519256028075,0.302283188800543,0.1734661098618622,0.10600706713781528,1037.666666666688,2.6460158796969613,8.73288438189588,0.16071627427064702,0.13138667981739102,0.13047262160434375,1.4889174429810492,1.1901702537745198,0.46855192560280756,0.30228318880054295,0.17346610986186223,0.1060070671378153,0.10794169618220571,0.0882430926152185,0.1895813256237412,0.3287825248956445,0.3418995609808031,0.13973658849981127,0.7222222222222204
United States,5,2526,23.000000000001684,23.000000000001684,26270.000000002405,393.00000000004496,35.999999999999766,45.23322092928254,34.999999999999275,43.71182698942928,22.000000000004572,31.084653539584416,330.0000000000113,254.00000000002046,131.28557984811147,74.91529499926492,76.31787446886696,31.084653539584416,51.000000000005294,1.0000000000007216,351999999.9999909,164999999.9999988,110000000.00000001,50000000,0.07222930655991891,644.0000000000316,96.99999999999808,8.476936468855316,23.20817633532001,32.05615425854919,7.7168413493784485,21.686782395466746,30.534760318695927,0.1874051039192649,0.5130781283871833,0.7086860851378689,0.17653897997090393,0.49613077029956787,0.6985468789963963,0.11977926764877483,0.11553247479003952,13.000000000000481,15.000000000001684,20.000000000001204,8.000000000001926,5,3.9999999999997593,3.191967975001406e-10,8774.000000000797,14428.99999999955,3067.000000001736,25.540179797780034,2.1911301825443723,20.145205479452056,28.682191780824287,18122725.542443264,12725010.386167131,33.40624286258054,22.460065571020674,4.700418728587673,7.070788317495241,0.15496725860811167,0.1064948160853589,1.1305671869051686,0.8701941377997647,0.44977929906086966,0.2566568918893488,0.12333460220783286,0.07537114579368734,1142.1739130434944,-9.233220929282774,-7.71182698942951,0.15496725860811167,0.1497550220421897,0.10649481608535893,1.1305671869051683,0.8701941377997647,0.44977929906086966,0.2566568918893488,0.12333460220783289,0.07537114579368735,0.1370703664523662,0.13246008178614455,0.11674914350974704,0.5492577084125891,0.333993148077655,8.803728866153254e-15,0.6521739130434978
Uruguay,5,2526,16.99999999999952,16.99999999999952,16836.00000000056,259.00000000001563,25.00000000000337,26.270160606133675,19.000000000003368,21.067217258739387,15.000000000000481,10.55205226503442,211.00000000001782,113.00000000000746,62.63114675042241,46.00504112616716,36.8222128711681,10.55205226503442,42.00000000000674,3.999999999999038,267100000.0000056,207000000.0000024,172000000.00000072,120000000,0.23591479458010342,411.000000000013,31.00000000000337,6.415360026062273,15.610790017994544,18.628104779872228,5.672082416713618,11.263793770226114,13.816889062526837,0.24420711095935835,0.5942403722628732,0.7090974836112178,0.2692373818075472,0.5346597812083254,0.6558478461029176,0.1393129652524317,0.1341310008940867,6.000000000000481,12.99999999999952,13.99999999999928,8.000000000000481,3.0000000000002407,2.0000000000002407,809.9999999998053,5874.000000000199,7665.000000000611,2486.9999999999454,27.55725158417895,4.435748100877881,20.87397260274052,39.50410958904109,24903088.619626153,28100397.736352257,26.878355904017553,26.46515467108953,1.9657282014733546,2.6980385031921807,0.1404320773670665,0.056407977183004,1.1279401282965582,0.6040627227370096,0.3348065578247653,0.24592858763096126,0.13364219529580662,0.08018531717747673,990.3529411765397,-1.2701606061303061,3.9327827412639818,0.14043207736706653,0.11261876652925029,0.056407977183004034,1.127940128296558,0.6040627227370096,0.3348065578247653,0.2459285876309613,0.13364219529580662,0.08018531717747678,0.12450313083474564,0.09984463155799678,0.14771917320027794,0.4552744119743593,0.3488952245188883,0.04811119030647453,0.7647058823529337
Uzbekistan,5,2526,1.0000000000002407,1.0000000000002407,791.0000000003054,14.000000000006255,9.621606556143935e-13,0.09088237583776167,9.621606556143935e-13,0.09088237583776167,9.621606556143935e-13,0.11512973904659057,1.0000000000079379,1.0000000000043299,3.0839420966818976,2.968812327832172,0.20601211488435223,0.11512973904659057,2.0000000000002407,2.4054016390355495e-13,35000000.000001684,35000000.000001684,35000000.000001684,35000000,0.9999999999999332,24.00000000002141,1.0583767211758966e-11,0.0908823758377102,0.09088237583776167,0.09088237583776167,0.0908823758377102,0.09088237583776167,0.09088237583776167,0.9999999999999913,1,1,0.9999999999999913,1,1,0.9999999999999831,0.9999999999999831,2.4054016390355495e-13,1.0000000000002407,1.0000000000002407,2.405401639036128e-13,2.405401639036128e-13,2.4054016390355495e-13,0,791.000000000045,0,2.602644573436999e-10,22.12054794520658,6.131487568371021,22.120547945205484,22.12054794520757,34999999.99999646,19798989.87322333,24.00000000000821,45.96194077712559,5.559046661710303e-12,31.11269837220809,0.010340599020632469,0.01309946461967663,0.11378002528477994,0.1137800252846223,0.3508910097360895,0.3377915417254683,4.2036145148203024e-14,4.2036145148203024e-14,791.0000000000575,-0.0908823758367995,-0.0908823758367995,0.010340599020632505,0.010340599020632505,0.013099464619676664,0.11378002528478001,0.11378002528462237,0.3508910097360895,0.3377915417254683,4.203614514820303e-14,4.203614514820303e-14,0.09088237583639196,0.09088237583639196,1.2634196958432506e-13,0,0.9999999999998737,0,1
